,2010 and Later Electric Vehicles - data in EPA's Verify data base - plus all-electric driving range information,,,,,,,,,,,,,,,,,,,,,,,,,,,,,,,,,,,,,,,,,,,,,,,,,,,,,,,,,,,,,,,,,,,,,,,,,,,,,,,,,,,,,,,,,,,,,,,,,,,,,,,,,,,,,,,,,,,,,,,,,,,,,,,,,,,,,,,,,,,,,,,,,,,,,,,,,,,,,,,,,,,,,,,,,,,,,,,,,,,,,,,,,,,,,
,,,,,,,(Not Confidential),,,,,,D.Good,,,,,,,,,,,,,,,,,,,,,,,,,,,,,,,,,,,,,,,,,,,,,,,,,,,,,,,,,,,,,,,,,,,,,,,,,,,,,,,,,,,,,,,,,,,,,,,,,,,,,,,,,,,,,,,,,,,,,,,,,,,,,,,,,,,,,,,,,,,,,,,,,,,,,,,,,,,,,,,,,,,,,,,,,,,,,,,,,
,,,,,,,,,,,,,,,,,,,,,,,,,,,,,,,,,,,,,,,,,,,,,,,,,,,,,,,,,,,,,,,,,,,,,,,,,,,,,,,,,,,,,,,,,,,,,,,,,,,,,,,,,,,,,,,,,,,,,,,,,,,,,,,,,,,,,,,,,,,,,,,,,,,,,,,,,,,,,,,,,,,,,,,,,,,,,,,,,,,,,,,,,,,,,,
,,,,,,,,,,,,,,,,,,,,,,,,,,,,,,,,,,,,,,,,,,,,,,,,,,,,,,,,,,,,,,,,,,,,,,,,,,,,,,,,,,,,,,,,,,,,,,,,,,,,,,,,,,,,,,,,,,,,,,,,,,,,,,,,,,,,,,,,,,,,,,,,,,,,,,,,,,,,,,,,,,,,,,,,,,,,,,,,,,,,,,,,,,,,,,
,,,,,,,,,,,,,,,,,,,,,,,,,,,,,,,,,,,,,,,,,,,,,,,,,,,,,,,,,,,,,,,,,,,,,,,,,,,,,,,,,,,,,,,,,,,,,,,,,,,,,,,,,,,,,,,,,,,,,,,,,,,,,,,,,,,,,,,,,,,,,,,,,,,,,,,,,,,,,,,PHEV,,,,,,,,,,,,,,,,,,,,,,,,,,,,,,,
,,,,,,,,,,,,,,,,,,,,,,,,,,,,,,,,,,,,,,,,,,,,,,,,,,,,,,,,,,,,,,,,,,,,,,,,,,,,,,,,,,,,,,,,,,,,,,,,,,,,,,,,,,,,,,,,,,,,,,,,,,,,,,,,,,,,,,,,,,,,,,,,,,,,,,,,,,,,,,,Total ,,,,,,,,,,,,,,,,,,,,,,,,,,,,,,,
,Model Type Information,,,,,,,,,Charge Depleting Information (Electricity Operation),,,,,,,,,,,,,,,,,,,,,,,,,,,Vehicle Information,,,,,,,,Ann Fuel Cost,,Fuel 2 Information (Not Aplicable to Electric Vehicles),,,,,,,,,,,,,,,,,,,General Information,,,,,,,,, ,"General Electric Vehicle Information - Engine, Motor/Generator, Battery Information, etc.                                                                                                                                                                                                                                                                                                                               General Electric Vehicle Information - Engine, Motor/Generator, Battery Information, etc.",,,,,,,,,,,,,,,,,,,,,,,,,,,,,,,,,,,,,,,,,,,,,,,,,,,,,,,,FE & GHG Ratings,,,#1 Smog Rating Test Group,,,,#2 Smog Rating Test Group,,,,#3 Smog Rating Test Group,,,,#4 Smog Rating Test Group,,,,You Save/You Spend,,Gasoline CO2,,,PHEV,Battery Charge Time,,Range,PHEV Composite  MPG,,,Electric Driving Range,,,,,,,,,,,,,,,,,,,,,,,,,,,
,Model Yr ,Mfr Name,Division,Carline,Verify Mfr Cd,Index (Model Type Index),Eng Displ,# Cyl,Trans as listed in FE Guide (derived from col AA thru AF),City FE (Guide) - Conventional Fuel,Hwy FE (Guide) - Conventional Fuel,Comb FE (Guide) - Conventional Fuel,City Unadj FE - Conventional Fuel,Hwy Unadj FE - Conventional Fuel,Comb Unadj FE - Conventional Fuel,City Unrd Adj FE - Conventional Fuel,Hwy Unrd Adj FE - Conventional Fuel,Comb Unrd Adj FE - Conventional Fuel,Guzzler? ,Air Aspir Method,Air Aspiration Method Desc,Trans,Trans Desc,"Trans, Other",# Gears,Trans Lockup,Trans Creeper Gear,Drive Sys,Drive Desc,Max Ethanol % - Gasoline,Max Biodiesel %,Range1 - Model Type Driving Range - Conventional Fuel,Fuel Usage  - Conventional Fuel,Fuel Usage Desc - Conventional Fuel,Fuel Unit - Conventional Fuel,Fuel Unit Desc - Conventional Fuel,Gas Guzzler Exempt (Where Truck = 1975 NHTSA truck definition),Gas Guzzler Exempt Desc (Where Truck = 1975 NHTSA truck definition),2Dr Pass Vol,2Dr Lugg Vol,4Dr Pass Vol,4Dr Lugg Vol,Htchbk Pass Vol,Htchbk Lugg Vol,Annual Fuel1 Cost - Conventional Fuel,EPA Calculated Annual Fuel Cost - Conventional Fuel -----  Annual fuel cost error. Please revise Verify. ,City2 FE (Guide) - Alternative Fuel,Hwy2 Fuel FE (Guide) - Alternative Fuel,Comb2 Fuel FE (Guide) - Alternative Fuel,City2 Unadj FE - Alternative Fuel,Hwy2 Unadj FE - Alternative Fuel,Comb2 Unadj FE - Alternative Fuel,City2 Unrd Adj FE - Alternative Fuel,Hwy2 Unrd Adj FE - Alternative Fuel,Cmb2 Unrd Adj FE - Alternative Fuel, Range2 - Alt Fuel Model Typ Driving Range - Alternative Fuel, Fuel2 Usage - Alternative Fuel, Fuel2 Usage Desc - Alternative Fuel,Fuel2 Unit - Alternative Fuel,Fuel2 Unit Desc - Alternative Fuel,Fuel2 Annual Fuel Cost - Alternative Fuel,City CO2 Rounded Adjusted - Fuel 2,Hwy CO2 Rounded Adjusted - Fuel 2,Comb CO2 Rounded Adjusted - Fuel 2,Fuel2 EPA Calculated Annual Fuel Cost - Alternative Fuel,Descriptor - Model Type (40 Char or less),Intake Valves Per Cyl,Exhaust Valves Per Cyl,Carline Class,Carline Class Desc,Car/Truck Category - Cash for Clunkers Bill.,Calc Approach Desc,Release Date (gold fill means release date is after 8/2/2012),EPA FE Label Dataset ID, ,Unique Label?,Label Recalc?,Relabel,Relabel Desc,Suppressed?,Police/Emerg?,Comments - Mfr Eng Cnfg,Cyl Deact?,Cyl Deact Desc,Var Valve Timing?,Var Valve Timing Desc,Var Valve Lift?,Var Valve Lift Desc,Energy Storage Device Desc,"Energy Storage Device,If Other",# Batteries,Battery Type Desc,"Battery Type, If Other",Total Voltage for Battery Pack(s),Batt Energy Capacity (Amp-hrs),Batt Specific Energy (Watt-hr/kg),Batt Charger Type Desc,Comments,# Capacitors,Regen Braking Type Desc,"Regen Braking Type, If Other","Regen Braking Wheels Source (Front, Rear, Both)",Driver Cntrl Regen Braking?,Fuel Cell Desc,Usable H2 Fill Capacity (kg),Fuel Cell Onboard H2 Capacity (kg),HEV-EV Comments,# Drive Motor Gen,Motor Gen Type Desc,"Motor Gen Type, If Other",Rated Motor Gen Power (kW),Fuel Metering Type 1 Desc,Fuel Metering Type 2 Desc,Fuel Metering Sys Cd,Fuel Metering Sys Desc,Fuel Cell Vehicle (Y or N),Off Board Charge Capable (Y or N),Camless Valvetrain (Y or N),Oil Viscosity,Stop/Start System (Engine Management System) Code,Stop/Start System (Engine Management System)  Description,Model Type Desc (MFR entered),Charge Depleting Calc Appr Code (PHEVs only),Charge Depleting Calc Appr Desc  (PHEVs only),Charge Sustaining Calc Appr Code  (PHEVs only),Charge Sustaining Calc Appr Desc  (PHEVs only),EPA Calculated Annual Fuel Cost,EPA Calculated Gas Guzzler MPG,MFR Calculated Gas Guzzler MPG ,EPA Calculated Gas Guzzler Indicator (Y or N), ,FE Rating (1-10 rating on Label),GHG Rating (1-10 rating on Label),GHG 1-10 rating on Ethanol (EPA Determined),#1 Smog Rating Test Group,#1 Mfr Smog Rating (Mfr Smog 1-10 Rating on Label for Test Group 1),#1 EPA Smog Rating (EPA Smog 1-10 Rating on Label for Test Group 1),SmartWay1 (EPA-derived SmartWay rating for Test Group 1),#2 Smog Rating Test Group,#2 Mfr Smog Rating (Mfr Smog 1-10 Rating on Label for Test Group 2),#2 EPA Smog Rating (EPA Smog 1-10 Rating on Label for Test Group 2),SmartWay2 (EPA-derived SmartWay rating for Test Group 2),#3 Smog Rating Test Group,#3 Mfr Smog Rating (Mfr Smog 1-10 Rating on Label for Test Group 3),#3 EPA Smog Rating (EPA Smog 1-10 Rating on Label for Test Group 3),SmartWay3 (EPA-derived SmartWay rating for Test Group 3),#4 Smog Rating Test Group,#4 Mfr Smog Rating (Mfr Smog 1-10 Rating on Label for Test Group 4),#4 EPA Smog Rating (EPA Smog 1-10 Rating on Label for Test Group 4),SmartWay4 (EPA-derived SmartWay rating for Test Group 4),$ You Save over 5 years (amount saved in fuel costs over 5 years - on label) ,$ You Spend over 5 years (increased amount spent in fuel costs over 5 years - on label) ,City CO2 Rounded Adjusted,Hwy CO2 Rounded Adjusted,Comb CO2 Rounded Adjusted (as shown on FE Label),CO2-PHEV Composite Rounded Adjusted Combined CO2,240V Charge Time at 240 volts (hours),120V Charge time at 120 Volts (hours),PHEV Total Driving Range (rounded to nearest 10 miles)DISTANCE,City PHEV Composite MPGe,Hwy PHEV Composite MPGe,Comb PHEV Composite MPGe,City Range (miles),Hwy Range (miles),Comb Range as shown on FE Label (miles),,,,,,,,,,,,,,,,,,,,,,,,,
,,,,,,,,,,,,,2017 BMW I3 BEV (60 Amp-hour battery),,,,,,,,,,,,,,,,,2017 BMW I3 BEV (60 Amp-hour battery),,,,,,,,,,,,,,,,2017 BMW I3 BEV (60 Amp-hour battery),,,,,,,,,,,,,,,2017 BMW I3 BEV (60 Amp-hour battery),,,,,,,,,,,,,,,,2017 BMW I3 BEV (60 Amp-hour battery),,,,,, ,,,,,,,,,,2017 BMW I3 BEV (60 Amp-hour battery),,,,,,,,,,,,,,,,,2017 BMW I3 BEV (60 Amp-hour battery),,,,,,,,,,,,,,,,,2017 BMW I3 BEV (60 Amp-hour battery),,,,,,,,,,,,,, ,2017 BMW I3 BEV (60 Amp-hour battery),,,,,,,,,,,,,,,2017 BMW I3 BEV (60 Amp-hour battery),,,,,,,,,,,,,,,,,,,,,,,,,,,,,,,,,
,2017,BMW,BMW,I3 BEV (60 Amp-hour battery),BMX,100,0.0,,Auto(A1),137,111,124,196.4,159.1,177.6572,137.48,111.37,124.3601,,,,A,Automatic,,1,N,N,R,"2-Wheel Drive, Rear",,,81,EL,Electricity,MPG,miles per gallon,N,Not exempt,,,84,15,,,550,550,,,,,,,,,,,,,,,,,,,,,,,3,Subcompact Cars,car,Electric Vehicle 5-cycle label,7/15/16,20683,,N,,,,N,N,,,,,,,,Battery(s),,1,Lithium Ion,,360,60,93,On-Board,,,Electrical Regen Brake,,Rear Wheels,N,,,,,1,AC Induction,,125,,,,,N,Y,,,N,No,,,,,,,,,,,10,10,,HBMXV00.0I3B,10,,,,,,,,,,,,,,,4250,,0,0,0,,4,,,,,,89.0,71.6,81,,,,,,,,,,,,,,,,,,,,,,,,,
, ,(tested in the (default) Comfort mode---not the ECO PRO or ECO PRO+ modes),,,,,,,,25,30,27,17.1571,21.183,18.9687,24.5163,30.264,27.1028,,,,A,Automatic,,1,N,N,R,"2-Wheel Drive, Rear",,,81,EL,Electricity,KW-HR/100Miles,kilowatt-hour per 100 miles,N,Not exempt,,,84,15,,,550,550,,,,,,,,,,,,,,,,,,,,,,,3,Subcompact Cars,car,Electric Vehicle 5-cycle label,7/15/16,20683,,N,,,,N,N,,,,,,,,Battery(s),,1,Lithium Ion,,360,60,93,On-Board,,,Electrical Regen Brake,,Rear Wheels,N,,,,,1,AC Induction,,125,,,,,N,Y,,,N,No,,,,,,,,,,,10,10,,HBMXV00.0I3B,10,,,,,,,,,,,,,,,4250,,0,0,0,,4,,,,,,89.0,71.6,81,,,,,,,,,,,,,,,,,,,,,,,,,
,,,,,,,,,,,,,2017 BMW I3 BEV (94 Amp-hour battery),,,,,,,,,,,,,,,,,2017 BMW I3 BEV (94 Amp-hour battery),,,,,,,,,,,,,,,,2017 BMW I3 BEV (94 Amp-hour battery),,,,,,,,,,,,,,,2017 BMW I3 BEV (94 Amp-hour battery),,,,,,,,,,,,,,,,2017 BMW I3 BEV (94 Amp-hour battery),,,,,, ,,,,,,,,,,2017 BMW I3 BEV (94 Amp-hour battery),,,,,,,,,,,,,,,,,2017 BMW I3 BEV (94 Amp-hour battery),,,,,,,,,,,,,,,,,2017 BMW I3 BEV (94 Amp-hour battery),,,,,,,,,,,,,, ,2017 BMW I3 BEV (94 Amp-hour battery),,,,,,,,,,,,,,,2017 BMW I3 BEV (94 Amp-hour battery),,,,,,,,,,,,,,,,,,,,,,,,,,,,,,,,,
,2017,BMW,BMW,I3 BEV (94 Amp-hour battery),BMX,102,0.0,,Auto(A1),129,106,118,184.4,151.8,168.1499,129.08,106.26,117.7049,,,,A,Automatic,,1,N,N,R,"2-Wheel Drive, Rear",,,114,EL,Electricity,MPG,miles per gallon,N,Not exempt,,,84,15,,,550,550,,,,,,,,,,,,,,,,,,,,,,,3,Subcompact Cars,car,Electric Vehicle 5-cycle label,7/15/16,20682,,N,N,,,N,N,,,,,,,,Battery(s),,1,Lithium Ion,,360,94,132,On-Board,,,Electrical Regen Brake,,Rear Wheels,N,,,,,1,AC Induction,,125,,,,,N,Y,,,N,No,,,,,,,,,,,10,10,,HBMXV00.0I3B,10,,,,,,,,,,,,,,,4250,,0,0,0,,5,,,,,,123.8,101.9,114,,,,,,,,,,,,,,,,,,,,,,,,,
, ,(tested in the (default) Comfort mode---not the ECO PRO or ECO PRO+ modes),,,,,,,,26,32,29,18.2787,22.2005,20.0435,26.117,31.7194,28.6352,,,,A,Automatic,,1,N,N,R,"2-Wheel Drive, Rear",,,114,EL,Electricity,KW-HR/100Miles,kilowatt-hour per 100 miles,N,Not exempt,,,84,15,,,550,550,,,,,,,,,,,,,,,,,,,,,,,3,Subcompact Cars,car,Electric Vehicle 5-cycle label,7/15/16,20682,,N,N,,,N,N,,,,,,,,Battery(s),,1,Lithium Ion,,360,94,132,On-Board,,,Electrical Regen Brake,,Rear Wheels,N,,,,,1,AC Induction,,125,,,,,N,Y,,,N,No,,,,,,,,,,,10,10,,HBMXV00.0I3B,10,,,,,,,,,,,,,,,4250,,0,0,0,,5,,,,,,123.8,101.9,114,,,,,,,,,,,,,,,,,,,,,,,,,
,,,,,,,,,,,,,2017 Chevrolet Bolt,,,,,,,,,,,,,,,,,2017 Chevrolet Bolt,,,,,,,,,,,,,,,,2017 Chevrolet Bolt,,,,,,,,,,,,,,,2017 Chevrolet Bolt,,,,,,,,,,,,,,,,2017 Chevrolet Bolt,,,,,, ,,,,,,,,,,2017 Chevrolet Bolt,,,,,,,,,,,,,,,,,2017 Chevrolet Bolt,,,,,,,,,,,,,,,,,2017 Chevrolet Bolt,,,,,,,,,,,,,, ,2017 Chevrolet Bolt,,,,,,,,,,,,,,,2017 Chevrolet Bolt,,,,,,,,,,,,,,,,,,,,,,,,,,,,,,,,,
,2017,General Motors,Chevrolet,BOLT,GMX,293,0.0,,Auto(A1),128,110,119,182.2,157.4,170.1369,127.54,110.18,119.0958,,,,A,Automatic,,1,N,N,F,"2-Wheel Drive, Front",,,238,EL,Electricity,MPG,miles per gallon,4,Vehicle can not operate on gasoline or diesel fuel,,,95,17,,,550,550,,,,,,,,,,,,,,,,,,,,,,,7,Small Station Wagons,car,Electric Vehicle 2-cycle label,9/12/16,20999,,,N,,,N,N,,,,,,,,Battery(s),,1,Lithium Ion,,350,171.4,140,Both On-Board and Off-Board,,,Electrical Regen Brake,,Front Wheels,Y,,,,,1,Other,AC PERMANENT MAGNET,150,,,,,N,Y,,,N,No,BOLT,,,,,,,,,,10,10,,HGMXV00.0002,10,,,,,,,,,,,,,,,4250,,0,0,0,,9.3,,,,,,255.1,217.4,238,,,,,,,,,,,,,,,,,,,,,,,,,
, ,"(tested in the Drive mode without using the ""Regen-On-Demand"" steering wheel paddle) ",,,,,,,,26,31,28,18.4999,21.4109,19.8098,26.427,30.5909,28.3007,,,,A,Automatic,,1,N,N,F,"2-Wheel Drive, Front",,,238,EL,Electricity,KW-HR/100Miles,kilowatt-hour per 100 miles,4,Vehicle can not operate on gasoline or diesel fuel,,,95,17,,,550,550,,,,,,,,,,,,,,,,,,,,,,,7,Small Station Wagons,car,Electric Vehicle 2-cycle label,9/12/16,20999,,,N,,,N,N,,,,,,,,Battery(s),,1,Lithium Ion,,350,171.4,140,Both On-Board and Off-Board,,,Electrical Regen Brake,,Front Wheels,Y,,,,,1,Other,AC PERMANENT MAGNET,150,,,,,N,Y,,,N,No,BOLT,,,,,,,,,,10,10,,HGMXV00.0002,10,,,,,,,,,,,,,,,4250,,0,0,0,,9.3,,,,,,255.1,217.4,238,,,,,,,,,,,,,,,,,,,,,,,,,
,,,,,,,,,,,,,2017 Fiat 500e,,,,,,,,,,,,,,,,,2017 Fiat 500e,,,,,,,,,,,,,,,,2017 Fiat 500e,,,,,,,,,,,,,,,2017 Fiat 500e,,,,,,,,,,,,,,,,2017 Fiat 500e,,,,,, ,,,,,,,,,,2017 Fiat 500e,,,,,,,,,,,,,,,,,2017 Fiat 500e,,,,,,,,,,,,,,,,,2017 Fiat 500e,,,,,,,,,,,,,, ,2017 Fiat 500e,,,,,,,,,,,,,,,2017 Fiat 500e,,,,,,,,,,,,,,,,,,,,,,,,,,,,,,,,,
,2017,FCA US LLC,FIAT,500e,CRX,18,0.0,,Auto(A1),121,103,112,172.9,147.8,160.6249,121.03,103.46,112.4374,,,,A,Automatic,,1,Y,N,F,"2-Wheel Drive, Front",,,84,EL,Electricity,MPG,miles per gallon,N,Not exempt,,,,,72,7,600,600,,,,,,,,,,,,,,,,,,,,,,,2,Minicompact Cars,car,Electric Vehicle 2-cycle label,7/18/16,20205,,N,,,,N,N,,,,,,,,Battery(s),,1,Lithium Ion,,399,63,88,On-Board,,,Electrical Regen Brake,,Front Wheels,N,,,,"Liquid cooled Electric Drive Module (EDM) with integral single speed reduction drive, e-park pawl, regenerative braking, and Power Inverter Module (PIM).",1,AC Induction,,82,,,,,N,Y,,,N,No,,,,,,,,,,,10,10,,HCRXV00.05PR,10,,,,,,,,,,,,,,,4000,,0,0,0,,4,,,,,,90.02,76.65,84,,,,,,,,,,,,,,,,,,,,,,,,,
,2017,FCA US LLC,FIAT,500e,CRX,18,0.0,,Auto(A1),28,33,30,19.4946,22.8037,20.9837,27.8485,32.5778,29.9767,,,,A,Automatic,,1,Y,N,F,"2-Wheel Drive, Front",,,84,EL,Electricity,KW-HR/100Miles,kilowatt-hour per 100 miles,N,Not exempt,,,,,72,7,600,600,,,,,,,,,,,,,,,,,,,,,,,2,Minicompact Cars,car,Electric Vehicle 2-cycle label,7/18/16,20205,,N,,,,N,N,,,,,,,,Battery(s),,1,Lithium Ion,,399,63,88,On-Board,,,Electrical Regen Brake,,Front Wheels,N,,,,"Liquid cooled Electric Drive Module (EDM) with integral single speed reduction drive, e-park pawl, regenerative braking, and Power Inverter Module (PIM).",1,AC Induction,,82,,,,,N,Y,,,N,No,,,,,,,,,,,10,10,,HCRXV00.05PR,10,,,,,,,,,,,,,,,4000,,0,0,0,,4,,,,,,90.02,76.65,84,,,,,,,,,,,,,,,,,,,,,,,,,
,,,,,,,,,,,,,2017 Ford Focus Electric FWD,,,,,,,,,,,,,,,,,2017 Ford Focus Electric FWD,,,,,,,,,,,,,,,,2017 Ford Focus Electric FWD,,,,,,,,,,,,,,,2017 Ford Focus Electric FWD,,,,,,,,,,,,,,,,2017 Ford Focus Electric FWD,,,,,, ,,,,,,,,,,2017 Ford Focus Electric FWD,,,,,,,,,,,,,,,,,2017 Ford Focus Electric FWD,,,,,,,,,,,,,,,,,2017 Ford Focus Electric FWD,,,,,,,,,,,,,, ,2017 Ford Focus Electric FWD,,,,,,,,,,,,,,,2017 Ford Focus Electric FWD,,,,,,,,,,,,,,,,,,,,,,,,,,,,,,,,,
,2017,Ford Motor Company,Ford,Focus Electric FWD,FMX,240,0.0,,Auto(A1),118,96,107,169.2,136.8,152.9037,118.44,95.76,107.0326,,,,A,Automatic,,1,Y,N,F,"2-Wheel Drive, Front",,,115,EL,Electricity,MPG,miles per gallon,N,Not exempt,,,,,91,14,600,600,,,,,,,,,,,,,,,,,,,,,,,4,Compact Cars,car,Electric Vehicle 2-cycle label,12/2/16,21266,,N,N,,,N,N,,,,,,,,Battery(s),,2,Lithium Ion,,364,105,110,On-Board,,,Electrical Regen Brake,,Front Wheels,N,,,,This is a pure BEV vehicle. The Drive Motor is an AC permanent magnet synchronous machine.,1,Other,AC permanent magnet synchronou,107,,,,,N,Y,,,N,No,,,,,,,,,,,10,10,,HFMXV00.0VAF,10,,,,,,,,,,,,,,,4000,,0,0,0,,5.5,,,,,,125.8,101.7,115,,,,,,,,,,,,,,,,,,,,,,,,,
,2017,Ford Motor Company,Ford,Focus Electric FWD,FMX,240,0.0,,Auto(A1),28,35,31,19.9225,24.6419,22.0462,28.0574,35.1974,31.4904,,,,A,Automatic,,1,Y,N,F,"2-Wheel Drive, Front",,,115,EL,Electricity,KW-HR/100Miles,kilowatt-hour per 100 miles,N,Not exempt,,,,,91,14,600,600,,,,,,,,,,,,,,,,,,,,,,,4,Compact Cars,car,Electric Vehicle 2-cycle label,12/2/16,21266,,N,N,,,N,N,,,,,,,,Battery(s),,2,Lithium Ion,,364,105,110,On-Board,,,Electrical Regen Brake,,Front Wheels,N,,,,This is a pure BEV vehicle. The Drive Motor is an AC permanent magnet synchronous machine.,1,Other,AC permanent magnet synchronou,107,,,,,N,Y,,,N,No,,,,,,,,,,,10,10,,HFMXV00.0VAF,10,,,,,,,,,,,,,,,4000,,0,0,0,,5.5,,,,,,125.8,101.7,115,,,,,,,,,,,,,,,,,,,,,,,,,
,,,,,,,,,,,,,2017 Hyundai Ioniq Electric,,,,,,,,,,,,,,,,,2017 Hyundai Ioniq Electric,,,,,,,,,,,,,,,,2017 Hyundai Ioniq Electric,,,,,,,,,,,,,,,2017 Hyundai Ioniq Electric,,,,,,,,,,,,,,,,2017 Hyundai Ioniq Electric,,,,,, ,,,,,,,,,,2017 Hyundai Ioniq Electric,,,,,,,,,,,,,,,,,2017 Hyundai Ioniq Electric,,,,,,,,,,,,,,,,,2017 Hyundai Ioniq Electric,,,,,,,,,,,,,, ,2017 Hyundai Ioniq Electric,,,,,,,,,,,,,,,2017 Hyundai Ioniq Electric,,,,,,,,,,,,,,,,,,,,,,,,,,,,,,,,,
,2017,Hyundai,HYUNDAI MOTOR COMPANY,Ioniq Electric,HYX,49,0.0,,Auto(A1),150,122,136,224.8,182.7,203.6795,150,122,136,,,,A,Automatic,Reduction Gear,1,N,N,F,"2-Wheel Drive, Front",,,124,EL,Electricity,MPG,miles per gallon,N,Not exempt,,,96,23,,,500,500,,,,,,,,,,,,,,,,,,,,,,,5,Midsize Cars,car,Electric Vehicle 2-cycle label,11/15/16,21243,,N,N,,,N,N,,,,,,,,Battery(s),,1,Lithium Ion,,360,78,103.7,Both On-Board and Off-Board,,,Electrical Regen Brake,,Front Wheels,N,,,,PMSM : Permanent Magnet Synchronous Motor IPM : Interior Permanent Magnet,1,Other,PMSM (IPM),88,,,,,N,Y,,,N,No,,,,,,,,,,,10,10,,HHYXV00.0151,10,,,,,,,,,,,,,,,4500,,0,0,0,,4,,,,,,135.4,110.0,124,,,,,,,,,,,,,,,,,,,,,,,,,
, ,(tested in the (default) Normal mode using (worst case) Level 1 paddle regeneration control),,,,,,,,22,28,25,14.9926,18.4482,16.5476,22,28,25,,,,A,Automatic,Reduction Gear,1,N,N,F,"2-Wheel Drive, Front",,,124,EL,Electricity,KW-HR/100Miles,kilowatt-hour per 100 miles,N,Not exempt,,,96,23,,,500,500,,,,,,,,,,,,,,,,,,,,,,,5,Midsize Cars,car,Electric Vehicle 2-cycle label,11/15/16,21243,,N,N,,,N,N,,,,,,,,Battery(s),,1,Lithium Ion,,360,78,103.7,Both On-Board and Off-Board,,,Electrical Regen Brake,,Front Wheels,N,,,,PMSM : Permanent Magnet Synchronous Motor IPM : Interior Permanent Magnet,1,Other,PMSM (IPM),88,,,,,N,Y,,,N,No,,,,,,,,,,,10,10,,HHYXV00.0151,10,,,,,,,,,,,,,,,4500,,0,0,0,,4,,,,,,Combined range voluntarily lowered from 126 miles),,,,,,,,,,,,,,,,,,,,,,,,,,,
,,,,,,,,,,,,,2017 Kia Soul Electric,,,,,,,,,,,,,,,,,2017 Kia Soul Electric,,,,,,,,,,,,,,,,2017 Kia Soul Electric,,,,,,,,,,,,,,,2017 Kia Soul Electric,,,,,,,,,,,,,,,,2017 Kia Soul Electric,,,,,, ,,,,,,,,,,2017 Kia Soul Electric,,,,,,,,,,,,,,,,,2017 Kia Soul Electric,,,,,,,,,,,,,,,,,2017 Kia Soul Electric,,,,,,,,,,,,,, ,2017 Kia Soul Electric,,,,,,,,,,,,,,,2017 Kia Soul Electric,,,,,,,,,,,,,,,,,,,,,,,,,,,,,,,,,
,2017,Kia,KIA MOTORS CORPORATION,Soul Electric,KMX,37,0.0,,Auto(A1),120,92,105,170.9,131.4,150.5363,119.6,92,105.3754,,,,A,Automatic,,1,N,N,F,"2-Wheel Drive, Front",,,93,EL,Electricity,MPG,miles per gallon,N,Not exempt,,,97,19,,,600,600,,,,,,,,,,,,,,,,,,,,,,,7,Small Station Wagons,car,Electric Vehicle 2-cycle label,9/5/16,20908,,N,N,,,N,N,,,,,,,,Battery(s),,1,Lithium Ion,,360,75,98.4,Both On-Board and Off-Board,,,Electrical Regen Brake,,Front Wheels,N,,,,PMSM : Permanent Magnet Synchronous Motor IPM : Interior Permanent Magnet,1,Other,PMSM (IPM),81,,,,,N,Y,,,N,No,,,,,,,,,,,10,10,,HKMXV00.0411,10,,,,,,,,,,,,,,,4000,,0,0,0,,4,,,,,,103.6,79.7,93,,,,,,,,,,,,,,,,,,,,,,,,,
,2017,Kia,KIA MOTORS CORPORATION,Soul Electric,KMX,37,0.0,,Auto(A1),28,37,32,19.7233,25.643,22.3872,28.1744,36.6438,31.9856,,,,A,Automatic,,1,N,N,F,"2-Wheel Drive, Front",,,93,EL,Electricity,KW-HR/100Miles,kilowatt-hour per 100 miles,N,Not exempt,,,97,19,,,600,600,,,,,,,,,,,,,,,,,,,,,,,7,Small Station Wagons,car,Electric Vehicle 2-cycle label,9/5/16,20908,,N,N,,,N,N,,,,,,,,Battery(s),,1,Lithium Ion,,360,75,98.4,Both On-Board and Off-Board,,,Electrical Regen Brake,,Front Wheels,N,,,,PMSM : Permanent Magnet Synchronous Motor IPM : Interior Permanent Magnet,1,Other,PMSM (IPM),81,,,,,N,Y,,,N,No,,,,,,,,,,,10,10,,HKMXV00.0411,10,,,,,,,,,,,,,,,4000,,0,0,0,,4,,,,,,103.6,79.7,93,,,,,,,,,,,,,,,,,,,,,,,,,
,,,,,,,,,,,,,2017 Mercedes B250e,,,,,,,,,,,,,,,,,2017 Mercedes B250e,,,,,,,,,,,,,,,,2017 Mercedes B250e,,,,,,,,,,,,,,,2017 Mercedes B250e,,,,,,,,,,,,,,,,2017 Mercedes B250e,,,,,, ,,,,,,,,,,2017 Mercedes B250e,,,,,,,,,,,,,,,,,2017 Mercedes B250e,,,,,,,,,,,,,,,,,2017 Mercedes B250e,,,,,,,,,,,,,, ,2017 Mercedes B250e,,,,,,,,,,,,,,,2017 Mercedes B250e,,,,,,,,,,,,,,,,,,,,,,,,,,,,,,,,,
,2017,Mercedes-Benz,Mercedes-Benz,B250e,MBX,504,0.0,,Auto(A1),85,82,84,122.0000,117.0000,119.6981,85.4000,81.9000,83.7887,,,,A,Automatic,,1,N,N,F,"2-Wheel Drive, Front",,,87,EL,Electricity,MPG,miles per gallon,4,Vehicle can not operate on gasoline or diesel fuel,,,90,22,,,800,800,,,,,,,,,,,,,,,,,,,,,,,5,Midsize Cars,car,Electric Vehicle 2-cycle label,7/31/16,20600,,,N,,,N,N,,,,,,,,Battery(s),,12,Lithium Ion,,367,120.00,125.9,On-Board,,,Electrical Regen Brake,,Front Wheels,Y,,,,,1,AC Induction,,132,,,,,N,Y,,,Y,Yes,BEV,,,,,,,,,,10,10,,HMBXV00.0ED2,10,,,,,,,,,,,,,,,3000,,0,0,0,,3.50,,,,,,89,85,87,,,,,,,,,,,,,,,,,,,,,,,,,
,,"[tested in the default mode only (the ""E-mode"")]",,,,,,,,39,41,40,27.6253,28.8092,28.1581,39.4672,41.1538,40.2262,,,,A,Automatic,,1,N,N,F,"2-Wheel Drive, Front",,,87,EL,Electricity,KW-HR/100Miles,kilowatt-hour per 100 miles,4,Vehicle can not operate on gasoline or diesel fuel,,,90,22,,,800,800,,,,,,,,,,,,,,,,,,,,,,,5,Midsize Cars,car,Electric Vehicle 2-cycle label,7/31/16,20600,,,N,,,N,N,,,,,,,,Battery(s),,12,Lithium Ion,,367,120.00,125.9,On-Board,,,Electrical Regen Brake,,Front Wheels,Y,,,,,1,AC Induction,,132,,,,,N,Y,,,Y,Yes,BEV,,,,,,,,,,10,10,,HMBXV00.0ED2,10,,,,,,,,,,,,,,,3000,,0,0,0,,3.50,,,,,,89,85,87,,,,,,,,,,,,,,,,,,,,,,,,,
,,,,,,,,,,,,,2017 Mitsubishi i-MiEV,,,,,,,,,,,,,,,,,2017 Mitsubishi i-MiEV,,,,,,,,,,,,,,,,2017 Mitsubishi i-MiEV,,,,,,,,,,,,,,,2017 Mitsubishi i-MiEV,,,,,,,,,,,,,, ,,2017 Mitsubishi i-MiEV,,,,,, ,,,,,,,,,,2017 Mitsubishi i-MiEV,,,,,,,,,,,,,,,,,2017 Mitsubishi i-MiEV,,,,,,,,,,,,,,,,,2017 Mitsubishi i-MiEV,,,, ,,,,,,,,,,,2017 Mitsubishi i-MiEV,,,,,,,,,,,,,,,2017 Mitsubishi i-MiEV,,,,,,,,,,,,,,,,,,,,,,,,,,,,,,,,,
,2017,Mitsubishi Motors Co,Mitsubishi Motors Corporation,i-MiEV,MTX,141,0.0,,Auto(A1),121,102,112,172.5366,146.1258,159.5591,120.7756,102.288,111.6914,,,,A,Automatic,,1,Y,N,R,"2-Wheel Drive, Rear",,,59,EL,Electricity,MPG,miles per gallon,N,Not exempt,,,,,85,13,600,600,,,,,,,,,,,,,,,,,,,,,,,3,Subcompact Cars,car,Electric Vehicle 2-cycle label,2/1/16,19277,,N,N,,,N,N,,,,,,,,Battery(s),,1,Lithium Ion,,330,50,110,Off-Board,,,Electrical Regen Brake,,Rear Wheels,Y,,,,,1,"DC Permanent Magnet, brushless",,49,,,,,N,Y,,,N,No,,,,,,,,,,,10,10,,HMTXV00.0E1T,10,,,,,,,,,,,,,,,4000,,0,0,0,,7,,,,,,63.9,54.0,59,,,,,,,,,,,,,,,,,,,,,,,,,
,2017,Mitsubishi Motors Co,Mitsubishi Motors Corporation,i-MiEV,MTX,141,0.0,,Auto(A1),28,33,30,19.535,23.0657,21.1238,27.9071,32.9511,30.1769,,,,A,Automatic,,1,Y,N,R,"2-Wheel Drive, Rear",,,59,EL,Electricity,KW-HR/100Miles,kilowatt-hour per 100 miles,N,Not exempt,,,,,85,13,600,600,,,,,,,,,,,,,,,,,,,,,,,3,Subcompact Cars,car,Electric Vehicle 2-cycle label,2/1/16,19277,,N,N,,,N,N,,,,,,,,Battery(s),,1,Lithium Ion,,330,50,110,Off-Board,,,Electrical Regen Brake,,Rear Wheels,Y,,,,,1,"DC Permanent Magnet, brushless",,49,,,,,N,Y,,,N,No,,,,,,,,,,,10,10,,HMTXV00.0E1T,10,,,,,,,,,,,,,,,4000,,0,0,0,,7,,,,,,63.9,54.0,59,,,,,,,,,,,,,,,,,,,,,,,,,
,,,,,,,,,,,,,2017 Nissan Leaf,,,,,,,,,,,,,,,,,2017 Nissan Leaf,,,,,,,,,,,,,,,,2017 Nissan Leaf,,,,,,,,,,,,,,,2017 Nissan Leaf,,,,,,,,,,,,,, ,,2017 Nissan Leaf,,,,,, ,,,,,,,,,,2017 Nissan Leaf,,,,,,,,,,,,,,,,,2017 Nissan Leaf,,,,,,,,,,,,,,,,,2017 Nissan Leaf,,,, ,,,,,,,,,,,2017 Nissan Leaf,,,,,,,,,,,,,,,2017 Nissan Leaf,,,,,,,,,,,,,,,,,,,,,,,,,,,,,,,,,
,2017,Nissan,NISSAN,LEAF,NSX,902,0.0,,Auto(A1),124,101,112,176.5,144.6,160.5605,123.55,101.22,112.3924,,,,A,Automatic,,1,Y,N,F,"2-Wheel Drive, Front",,,107,EL,Electricity,MPG,miles per gallon,N,Not exempt,,,,,92,24,600,0,,,,,,,,,,,,,,,,,,,,,,,5,Midsize Cars,car,Electric Vehicle 5-cycle label,11/9/16,21227,,N,N,,,N,N,,,,,,,,Battery(s),,1,Lithium Ion,,360,83,102,On-Board,,,Electrical Regen Brake,,Front Wheels,N,,,,,1,"DC Permanent Magnet, brushless",,80,,,,,N,Y,,,N,No,,,,,,,,,,,10,10,,HNSXV0000LLB,10,,,,,,,,,,,,,,,4000,,0,0,0,,6 Hours (6.6kW 240V charger); 10 hours (3.6kW 240V charger),,,,,,116,95,107,,,,,,,,,,,,,,,,,,,,,,,,,
,,     (Tested in ECO Mode),,,,,,,,27,33,30,19.1002,23.3037,20.9918,27.2805,33.2988,29.9887,,,,A,Automatic,,1,Y,N,F,"2-Wheel Drive, Front",,,107,EL,Electricity,KW-HR/100Miles,kilowatt-hour per 100 miles,N,Not exempt,,,,,92,24,600,600,,,,,,,,,,,,,,,,,,,,,,,5,Midsize Cars,car,Electric Vehicle 5-cycle label,11/9/16,21227,,N,N,,,N,N,,,,,,,,Battery(s),,1,Lithium Ion,,360,83,102,On-Board,,,Electrical Regen Brake,,Front Wheels,N,,,,,1,"DC Permanent Magnet, brushless",,80,,,,,N,Y,,,N,No,,,,,,,,,,,10,10,,HNSXV0000LLB,10,,,,,,,,,,,,,,,4000,,0,0,0,,6 Hours (6.6kW 240V charger); 10 hours (3.6kW 240V charger),,,,,,116,95,107,,,,,,,,,,,,,,,,,,,,,,,,,
,,,,,,,,,,,,,2017 Tesla Model S AWD - 60D,,,,,,,,,,,,,,,,,2017 Tesla Model S AWD - 60D,,,,,,,,,,,,,,,,2017 Tesla Model S AWD - 60D,,,,,,,,,,,,,,,2017 Tesla Model S AWD - 60D,,,,,,,,,,,,,, ,,2017 Tesla Model S AWD - 60D,,,,,, ,,,,,,,,,,2017 Tesla Model S AWD - 60D,,,,,,,,,,,,,,,,,2017 Tesla Model S AWD - 60D,,,,,,,,,,,,,,,,,2017 Tesla Model S AWD - 60D,,,, ,,,,,,,,,,,2017 Tesla Model S AWD - 60D,,,,,,,,,,,,,,,2017 Tesla Model S AWD - 60D,,,,,,,,,,,,,,,,,,,,,,,,,,,,,,,,,
,2017,Tesla,Tesla Motors,Model S 60D,TSL,21,0.0,,Auto(A1),101,107,104,137.5,144.6,140.6068,101.475,106.7148,103.7678,,,,A,Automatic,,1,N,N,A,All Wheel Drive,,,218,EL,Electricity,MPG,miles per gallon,4,Vehicle can not operate on gasoline or diesel fuel,,,,,94,26,650,650,,,,,,,,,,,,,,,,,,,,,,,6,Large Cars,car,Electric Vehicle 2-cycle label,12/26/16,21314,,N,N,,,N,N,,,,,,,,Battery(s),,1,Lithium Ion,,400,245,170,On-Board,,,Electrical Regen Brake,,Both,N,,,,"Three battery variants (60D,75D 90D) is available for 2017 MY Dual Motor Model S vehicles.",2,AC Induction,,193 and 193,,,,,N,Y,,,N,No,60D,,,,,,,,,,10,10,,HTSLV00.0L2S,10,,,,,,,,,,,,,,,3750,,0,0,0,,12 hrs (standard charger); 3.75 hrs (with 80A dual charger option),,,,,,215.4,221.1,218,,,,,,,,,,,,,,,,,,,,,,,,,
,2017,Tesla,Tesla Motors,Model S 60D,TSL,21,0.0,,Auto(A1),33,32,32,24.518,23.309,23.974,33.2151,31.5842,32.4812,,,,A,Automatic,,1,N,N,A,All Wheel Drive,,,218,EL,Electricity,KW-HR/100Miles,kilowatt-hour per 100 miles,4,Vehicle can not operate on gasoline or diesel fuel,,,,,94,26,650,650,,,,,,,,,,,,,,,,,,,,,,,6,Large Cars,car,Electric Vehicle 2-cycle label,12/26/16,21314,,N,N,,,N,N,,,,,,,,Battery(s),,1,Lithium Ion,,400,245,170,On-Board,,,Electrical Regen Brake,,Both,N,,,,"Three battery variants (60D,75D 90D) is available for 2017 MY Dual Motor Model S vehicles.",2,AC Induction,,193 and 193,,,,,N,Y,,,N,No,60D,,,,,,,,,,10,10,,HTSLV00.0L2S,10,,,,,,,,,,,,,,,3750,,0,0,0,,12 hrs (standard charger); 3.75 hrs (with 80A dual charger option),,,,,,Combined range voluntarily lowered to 218 miles,,,,,,,,,,,,,,,,,,,,,,,,,,,
,,,,,,,,,,,,,2017 Tesla Model S AWD - 75D,,,,,,,,,,,,,,,,,2017 Tesla Model S AWD - 75D,,,,,,,,,,,,,,,,2017 Tesla Model S AWD - 75D,,,,,,,,,,,,,,,2017 Tesla Model S AWD - 75D,,,,,,,,,,,,,, ,,2017 Tesla Model S AWD - 75D,,,,,, ,,,,,,,,,,2017 Tesla Model S AWD - 75D,,,,,,,,,,,,,,,,,2017 Tesla Model S AWD - 75D,,,,,,,,,,,,,,,,,2017 Tesla Model S AWD - 75D,,,, ,,,,,,,,,,,2017 Tesla Model S AWD - 75D,,,,,,,,,,,,,,,2017 Tesla Model S AWD - 75D,,,,,,,,,,,,,,,,,,,,,,,,,,,,,,,,,
,2017,Tesla,Tesla Motors,Model S 75D,TSL,61,0.0,,Auto(A1),102,105,103,137.9,142.7,140.0194,101.7702,105.3126,103.3343,,,,A,Automatic,,1,N,N,A,All Wheel Drive,,,259,EL,Electricity,MPG,miles per gallon,4,Vehicle can not operate on gasoline or diesel fuel,,,,,94,26,650,650,,,,,,,,,,,,,,,,,,,,,,,6,Large Cars,car,Electric Vehicle 2-cycle label,12/26/16,21317,,N,N,,,N,N,,,,,,,,Battery(s),,1,Lithium Ion,,400,245,170,On-Board,,,Electrical Regen Brake,,Both,N,,,,"Three battery variants (60D,75D 90D) is available for 2017 MY Dual Motor Model S vehicles.",2,AC Induction,,193 and 193,,,,,N,Y,,,N,No,75D,,,,,,,,,,10,10,,HTSLV00.0L2S,10,,,,,,,,,,,,,,,3750,,0,0,0,,12 hrs (standard charger); 4.75 hrs (with 80A dual charger option),,,,,,255.0,264.6,259,,,,,,,,,,,,,,,,,,,,,,,,,
,2017,Tesla,Tesla Motors,Model S 75D,TSL,61,0.0,,Auto(A1),33,32,33,25.446,23.613,24.0712,33.1187,32.0047,32.6174,,,,A,Automatic,,1,N,N,A,All Wheel Drive,,,259,EL,Electricity,KW-HR/100Miles,kilowatt-hour per 100 miles,4,Vehicle can not operate on gasoline or diesel fuel,,,,,94,26,650,650,,,,,,,,,,,,,,,,,,,,,,,6,Large Cars,car,Electric Vehicle 2-cycle label,12/26/16,21317,,N,N,,,N,N,,,,,,,,Battery(s),,1,Lithium Ion,,400,245,170,On-Board,,,Electrical Regen Brake,,Both,N,,,,"Three battery variants (60D,75D 90D) is available for 2017 MY Dual Motor Model S vehicles.",2,AC Induction,,193 and 193,,,,,N,Y,,,N,No,75D,,,,,,,,,,10,10,,HTSLV00.0L2S,10,,,,,,,,,,,,,,,3750,,0,0,0,,12 hrs (standard charger); 4.75 hrs (with 80A dual charger option),,,,,,255.0,264.6,259,,,,,,,,,,,,,,,,,,,,,,,,,
,,,,,,,,,,,,,2017 Tesla Model S AWD - P90D,,,,,,,,,,,,,,,,,2017 Tesla Model S AWD - P90D,,,,,,,,,,,,,,,,2017 Tesla Model S AWD - P90D,,,,,,,,,,,,,,,2017 Tesla Model S AWD - P90D,,,,,,,,,,,,,, ,,2017 Tesla Model S AWD - P90D,,,,,, ,,,,,,,,,,2017 Tesla Model S AWD - P90D,,,,,,,,,,,,,,,,,2017 Tesla Model S AWD - P90D,,,,,,,,,,,,,,,,,2017 Tesla Model S AWD - P90D,,,, ,,,,,,,,,,,2017 Tesla Model S AWD - P90D,,,,,,,,,,,,,,,2017 Tesla Model S AWD - P90D,,,,,,,,,,,,,,,,,,,,,,,,,,,,,,,,,
,2017,Tesla,Tesla Motors,Model S P90D,TSL,8,0.0,,Auto(A1),92,100,95,124.2,135.8,129.165,91.6596,100.2204,95.3238,,,,A,Automatic,,1,N,N,A,All Wheel Drive,,,270,EL,Electricity,MPG,miles per gallon,4,Vehicle can not operate on gasoline or diesel fuel,,,,,94,26,700,700,,,,,,,,,,,,,,,,,,,,,,,6,Large Cars,car,Electric Vehicle 2-cycle label,12/26/16,21326,,N,N,,,N,N,,,,,,,,Battery(s),,1,Lithium Ion,,400,245,170,On-Board,,,Electrical Regen Brake,,Both,N,,,,"Three battery variants (60D,75D 90D) is available for 2017 MY Dual Motor Model S vehicles.",2,AC Induction,,193 and 375,,,,,N,Y,,,N,No,P90D,,,,,,,,,,10,10,,HTSLV00.0L2S,10,,,,,,,,,,,,,,,3500,,0,0,0,,12 hrs (standard charger); 4.75 hrs (with 80A dual charger option),,,,,,259.4,282.9,270,,,,,,,,,,,,,,,,,,,,,,,,,
,2017,Tesla,Tesla Motors,Model S P90D,TSL,8,0.0,,Auto(A1),37,34,35,27.1336,24.8282,26.0962,36.7719,33.6309,35.3584,,,,A,Automatic,,1,N,N,A,All Wheel Drive,,,270,EL,Electricity,KW-HR/100Miles,kilowatt-hour per 100 miles,4,Vehicle can not operate on gasoline or diesel fuel,,,,,94,26,700,700,,,,,,,,,,,,,,,,,,,,,,,6,Large Cars,car,Electric Vehicle 2-cycle label,12/26/16,21326,,N,N,,,N,N,,,,,,,,Battery(s),,1,Lithium Ion,,400,245,170,On-Board,,,Electrical Regen Brake,,Both,N,,,,"Three battery variants (60D,75D 90D) is available for 2017 MY Dual Motor Model S vehicles.",2,AC Induction,,193 and 375,,,,,N,Y,,,N,No,P90D,,,,,,,,,,10,10,,HTSLV00.0L2S,10,,,,,,,,,,,,,,,3500,,0,0,0,,12 hrs (standard charger); 4.75 hrs (with 80A dual charger option),,,,,,Combined range voluntarily lowered to 270 miles,,,,,,,,,,,,,,,,,,,,,,,,,,,
,,,,,,,,,,,,,2017 Tesla Model S AWD - P100D,,,,,,,,,,,,,,,,,2017 Tesla Model S AWD - P100D,,,,,,,,,,,,,,,,2017 Tesla Model S AWD - P100D,,,,,,,,,,,,,,,2017 Tesla Model S AWD - P100D,,,,,,,,,,,,,, ,,2017 Tesla Model S AWD - P100D,,,,,, ,,,,,,,,,,2017 Tesla Model S AWD - P100D,,,,,,,,,,,,,,,,,2017 Tesla Model S AWD - P100D,,,,,,,,,,,,,,,,,2017 Tesla Model S AWD - P100D,,,, ,,,,,,,,,,,2017 Tesla Model S AWD - P100D,,,,,,,,,,,,,,,2017 Tesla Model S AWD - P100D,,,,,,,,,,,,,,,,,,,,,,,,,,,,,,,,,
,2017,Tesla,Tesla Motors,Model S P100D,TSL,15,0.0,,Auto(A1),92,105,98,125.3,141.6,132.1452,92.4713,104.5008,97.5232,,,,A,Automatic,,1,N,N,A,All Wheel Drive,,,315,EL,Electricity,MPG,miles per gallon,4,Vehicle can not operate on gasoline or diesel fuel,,,,,94,26,650,650,,,,,,,,,,,,,,,,,,,,,,,6,Large Cars,car,Electric Vehicle 2-cycle label,12/26/16,21320,,N,N,,,N,N,,,,,,,,Battery(s),,1,Lithium Ion,,400,245,170,On-Board,,,Electrical Regen Brake,,Both,N,,,,"Three battery variants (60D,75D 90D) is available for 2017 MY Dual Motor Model S vehicles.",2,AC Induction,,193 and 375,,,,,N,Y,,,N,No,P100D,,,,,,,,,,10,10,,HTSLV00.0L2S,10,,,,,,,,,,,,,,,3750,,0,0,0,,12 hrs (standard charger); 4.75 hrs (with 80A dual charger option),,,,,,297.1,336.9,315,,,,,,,,,,,,,,,,,,,,,,,,,
,2017,Tesla,Tesla Motors,Model S P100D,TSL,15,0.0,,Auto(A1),36,32,35,26.896,23.805,25.5051,36.4491,32.2533,34.561,,,,A,Automatic,,1,N,N,A,All Wheel Drive,,,315,EL,Electricity,KW-HR/100Miles,kilowatt-hour per 100 miles,4,Vehicle can not operate on gasoline or diesel fuel,,,,,94,26,650,650,,,,,,,,,,,,,,,,,,,,,,,6,Large Cars,car,Electric Vehicle 2-cycle label,12/26/16,21320,,N,N,,,N,N,,,,,,,,Battery(s),,1,Lithium Ion,,400,245,170,On-Board,,,Electrical Regen Brake,,Both,N,,,,"Three battery variants (60D,75D 90D) is available for 2017 MY Dual Motor Model S vehicles.",2,AC Induction,,193 and 375,,,,,N,Y,,,N,No,P100D,,,,,,,,,,10,10,,HTSLV00.0L2S,10,,,,,,,,,,,,,,,3750,,0,0,0,,12 hrs (standard charger); 4.75 hrs (with 80A dual charger option),,,,,,Combined range voluntarily lowered to 315 miles,,,,,,,,,,,,,,,,,,,,,,,,,,,
,,,,,,,,,,,,,2017 Tesla Model X AWD - 60D,,,,,,,,,,,,,,,,,2017 Tesla Model X AWD - 60D,,,,,,,,,,,,,,,,2017 Tesla Model X AWD - 60D,,,,,,,,,,,,,,,2017 Tesla Model X AWD - 60D,,,,,,,,,,,,,, ,,2017 Tesla Model X AWD - 60D,,,,,, ,,,,,,,,,,2017 Tesla Model X AWD - 60D,,,,,,,,,,,,,,,,,2017 Tesla Model X AWD - 60D,,,,,,,,,,,,,,,,,2017 Tesla Model X AWD - 60D,,,, ,,,,,,,,,,,2017 Tesla Model X AWD - 60D,,,,,,,,,,,,,,,2017 Tesla Model X AWD - 60D,,,,,,,,,,,,,,,,,,,,,,,,,,,,,,,,,
,2017,Tesla,Tesla Motors,Model X 60D,TSL,12,0.0,,Auto(A1),91,94,93,124.3,128.4,126.1121,91.2362,94.2456,92.5663,,,,A,Automatic,,1,N,N,A,All Wheel Drive,,,200,EL,Electricity,MPG,miles per gallon,4,Vehicle can not operate on gasoline or diesel fuel,,,,,,,700,700,,,,,,,,,,,,,,,,,,,,,,,33,Standard SUV 4WD,,Electric Vehicle 2-cycle label,12/26/16,21349,,N,N,,,N,N,,,,,,,,Battery(s),,1,Lithium Ion,,350,250,150,On-Board,,,Electrical Regen Brake,,Both,N,,,,"Three battery sizes (75kwh, 90kWh and 100kWh) is available for 2017MY Model X AWD vehicles.",2,AC Induction,,193 and 193,,,,,N,N,,,N,No,60D,,,,,,,,,,10,10,,HTSLV00.0L2X,10,,,,,,,,,,,,,,,3500,,0,0,0,,12 hrs (standard charger); 4.75 hrs (with 80A dual charger option),,,,,,196.5,203.2,200,,,,,,,,,,,,,,,,,,,,,,,,,
,2017,Tesla,Tesla Motors,Model X 60D,TSL,12,0.0,,Auto(A1),37,36,36,27.122,26.2398,26.725,36.9426,35.7629,36.4117,,,,A,Automatic,,1,N,N,A,All Wheel Drive,,,200,EL,Electricity,KW-HR/100Miles,kilowatt-hour per 100 miles,4,Vehicle can not operate on gasoline or diesel fuel,,,,,,,700,700,,,,,,,,,,,,,,,,,,,,,,,33,Standard SUV 4WD,,Electric Vehicle 2-cycle label,12/26/16,21349,,N,N,,,N,N,,,,,,,,Battery(s),,1,Lithium Ion,,350,250,150,On-Board,,,Electrical Regen Brake,,Both,N,,,,"Three battery sizes (75kwh, 90kWh and 100kWh) is available for 2017MY Model X AWD vehicles.",2,AC Induction,,193 and 193,,,,,N,N,,,N,No,60D,,,,,,,,,,10,10,,HTSLV00.0L2X,10,,,,,,,,,,,,,,,3500,,0,0,0,,12 hrs (standard charger); 4.75 hrs (with 80A dual charger option),,,,,,196.5,203.2,200,,,,,,,,,,,,,,,,,,,,,,,,,
,,,,,,,,,,,,,2017 Tesla Model X AWD - 75D,,,,,,,,,,,,,,,,,2017 Tesla Model X AWD - 75D,,,,,,,,,,,,,,,,2017 Tesla Model X AWD - 75D,,,,,,,,,,,,,,,2017 Tesla Model X AWD - 75D,,,,,,,,,,,,,, ,,2017 Tesla Model X AWD - 75D,,,,,, ,,,,,,,,,,2017 Tesla Model X AWD - 75D,,,,,,,,,,,,,,,,,2017 Tesla Model X AWD - 75D,,,,,,,,,,,,,,,,,2017 Tesla Model X AWD - 75D,,,, ,,,,,,,,,,,2017 Tesla Model X AWD - 75D,,,,,,,,,,,,,,,2017 Tesla Model X AWD - 75D,,,,,,,,,,,,,,,,,,,,,,,,,,,,,,,,,
,2017,Tesla,Tesla Motors,Model X 75D,TSL,11,0.0,,Auto(A1),91,95,93,124.2,130,126.7446,91.1628,95.42,93.0305,,,,A,Automatic,,1,N,N,A,All Wheel Drive,,,238,EL,Electricity,MPG,miles per gallon,4,Vehicle can not operate on gasoline or diesel fuel,,,,,,,700,0,,,,,,,,,,,,,,,,,,,,,,,33,Standard SUV 4WD,,Electric Vehicle 2-cycle label,12/26/16,21348,,N,N,,,N,N,,,,,,,,Battery(s),,1,Lithium Ion,,350,250,150,On-Board,,,Electrical Regen Brake,,Both,N,,,,"Three battery sizes (75kwh, 90kWh and 100kWh) is available for 2017MY Model X AWD vehicles.",2,AC Induction,,193 and 193,,,,,N,N,,,N,No,75D,,,,,,,,,,10,10,,HTSLV00.0L2X,10,,,,,,,,,,,,,,,3500,,0,0,0,,12 hrs (standard charger); 4.75 hrs (with 80A dual charger option),,,,,,233.7,242.2,238,,,,,,,,,,,,,,,,,,,,,,,,,
,2017,Tesla,Tesla Motors,Model X 75D,TSL,11,0.0,,Auto(A1),37,35,36,27.136,25.921,26.5893,36.9723,35.3228,36.23,,,,A,Automatic,,1,N,N,A,All Wheel Drive,,,238,EL,Electricity,KW-HR/100Miles,kilowatt-hour per 100 miles,4,Vehicle can not operate on gasoline or diesel fuel,,,,,,,700,700,,,,,,,,,,,,,,,,,,,,,,,33,Standard SUV 4WD,,Electric Vehicle 2-cycle label,12/26/16,21348,,N,N,,,N,N,,,,,,,,Battery(s),,1,Lithium Ion,,350,250,150,On-Board,,,Electrical Regen Brake,,Both,N,,,,"Three battery sizes (75kwh, 90kWh and 100kWh) is available for 2017MY Model X AWD vehicles.",2,AC Induction,,193 and 193,,,,,N,N,,,N,No,75D,,,,,,,,,,10,10,,HTSLV00.0L2X,10,,,,,,,,,,,,,,,3500,,0,0,0,,12 hrs (standard charger); 4.75 hrs (with 80A dual charger option),,,,,,233.7,242.2,238,,,,,,,,,,,,,,,,,,,,,,,,,
,,,,,,,,,,,,,2017 Tesla Model X AWD - 90D,,,,,,,,,,,,,,,,,2017 Tesla Model X AWD - 90D,,,,,,,,,,,,,,,,2017 Tesla Model X AWD - 90D,,,,,,,,,,,,,,,2017 Tesla Model X AWD - 90D,,,,,,,,,,,,,, ,,2017 Tesla Model X AWD - 90D,,,,,, ,,,,,,,,,,2017 Tesla Model X AWD - 90D,,,,,,,,,,,,,,,,,2017 Tesla Model X AWD - 90D,,,,,,,,,,,,,,,,,2017 Tesla Model X AWD - 90D,,,, ,,,,,,,,,,,2017 Tesla Model X AWD - 90D,,,,,,,,,,,,,,,2017 Tesla Model X AWD - 90D,,,,,,,,,,,,,,,,,,,,,,,,,,,,,,,,,
,2017,Tesla,Tesla Motors,Model X 90D,TSL,9,0.0,,Auto(A1),90,94,92,123,128.6,125.4584,90.2795,94.3898,92.084,,,,A,Automatic,,1,N,N,A,All Wheel Drive,,,257,EL,Electricity,MPG,miles per gallon,4,Vehicle can not operate on gasoline or diesel fuel,,,,,,,700,700,,,,,,,,,,,,,,,,,,,,,,,33,Standard SUV 4WD,,Electric Vehicle 2-cycle label,12/26/16,21351,,N,N,,,N,N,,,,,,,,Battery(s),,1,Lithium Ion,,350,250,150,On-Board,,,Electrical Regen Brake,,Both,N,,,,"Three battery sizes (75kwh, 90kWh and 100kWh) is available for 2017MY Model X AWD vehicles.",2,AC Induction,,193 and 193,,,,,N,N,,,N,No,90D,,,,,,,,,,10,10,,HTSLV00.0L2X,10,,,,,,,,,,,,,,,3500,,0,0,0,,12 hrs (standard charger); 4.75 hrs (with 80A dual charger option),,,,,,252.4,262.7,257,,,,,,,,,,,,,,,,,,,,,,,,,
,2017,Tesla,Tesla Motors,Model X 90D,TSL,9,0.0,,Auto(A1),37,36,37,27.402,26.214,26.8674,37.334,35.7083,36.6025,,,,A,Automatic,,1,N,N,A,All Wheel Drive,,,257,EL,Electricity,KW-HR/100Miles,kilowatt-hour per 100 miles,4,Vehicle can not operate on gasoline or diesel fuel,,,,,,,700,700,,,,,,,,,,,,,,,,,,,,,,,33,Standard SUV 4WD,,Electric Vehicle 2-cycle label,12/26/16,21351,,N,N,,,N,N,,,,,,,,Battery(s),,1,Lithium Ion,,350,250,150,On-Board,,,Electrical Regen Brake,,Both,N,,,,"Three battery sizes (75kwh, 90kWh and 100kWh) is available for 2017MY Model X AWD vehicles.",2,AC Induction,,193 and 193,,,,,N,N,,,N,No,90D,,,,,,,,,,10,10,,HTSLV00.0L2X,10,,,,,,,,,,,,,,,3500,,0,0,0,,12 hrs (standard charger); 4.75 hrs (with 80A dual charger option),,,,,,252.4,262.7,257,,,,,,,,,,,,,,,,,,,,,,,,,
,,,,,,,,,,,,,2017 Tesla Model X AWD - P90D,,,,,,,,,,,,,,,,,2017 Tesla Model X AWD - P90D,,,,,,,,,,,,,,,,2017 Tesla Model X AWD - P90D,,,,,,,,,,,,,,,2017 Tesla Model X AWD - P90D,,,,,,,,,,,,,, ,,2017 Tesla Model X AWD - P90D,,,,,, ,,,,,,,,,,2017 Tesla Model X AWD - P90D,,,,,,,,,,,,,,,,,2017 Tesla Model X AWD - P90D,,,,,,,,,,,,,,,,,2017 Tesla Model X AWD - P90D,,,, ,,,,,,,,,,,2017 Tesla Model X AWD - P90D,,,,,,,,,,,,,,,2017 Tesla Model X AWD - P90D,,,,,,,,,,,,,,,,,,,,,,,,,,,,,,,,,
,2017,Tesla,Tesla Motors,Model X P90D,TSL,10,0.0,,Auto(A1),89,90,89,120.7,122.5,121.5034,88.5914,89.9126,89.1811,,,,A,Automatic,,1,N,N,A,All Wheel Drive,,,250,EL,Electricity,MPG,miles per gallon,4,Vehicle can not operate on gasoline or diesel fuel,,,,,,,750,750,,,,,,,,,,,,,,,,,,,,,,,33,Standard SUV 4WD,,Electric Vehicle 2-cycle label,12/26/16,21350,,N,N,,,N,N,,,,,,,,Battery(s),,1,Lithium Ion,,350,250,150,On-Board,,,Electrical Regen Brake,,Both,N,,,,"Three battery sizes (75kwh, 90kWh and 100kWh) is available for 2017MY Model X AWD vehicles.",2,AC Induction,,193 and 375,,,,,N,N,,,N,No,P90D,,,,,,,,,,10,10,,HTSLV00.0L2X,10,,,,,,,,,,,,,,,3250,,0,0,0,,12 hrs (standard charger); 4.75 hrs (with 80A dual charger option),,,,,,247.3,252.7,250,,,,,,,,,,,,,,,,,,,,,,,,,
,2017,Tesla,Tesla Motors,Model X P90D,TSL,10,0.0,,Auto(A1),38,37,38,27.931,27.518,27.7452,38.0455,37.4864,37.7939,,,,A,Automatic,,1,N,N,A,All Wheel Drive,,,250,EL,Electricity,KW-HR/100Miles,kilowatt-hour per 100 miles,4,Vehicle can not operate on gasoline or diesel fuel,,,,,,,750,750,,,,,,,,,,,,,,,,,,,,,,,33,Standard SUV 4WD,,Electric Vehicle 2-cycle label,12/26/16,21350,,N,N,,,N,N,,,,,,,,Battery(s),,1,Lithium Ion,,350,250,150,On-Board,,,Electrical Regen Brake,,Both,N,,,,"Three battery sizes (75kwh, 90kWh and 100kWh) is available for 2017MY Model X AWD vehicles.",2,AC Induction,,193 and 375,,,,,N,N,,,N,No,P90D,,,,,,,,,,10,10,,HTSLV00.0L2X,10,,,,,,,,,,,,,,,3250,,0,0,0,,12 hrs (standard charger); 4.75 hrs (with 80A dual charger option),,,,,,247.3,252.7,250,,,,,,,,,,,,,,,,,,,,,,,,,
,,,,,,,,,,,,,2017 Tesla Model X AWD - P100D,,,,,,,,,,,,,,,,,2017 Tesla Model X AWD - P100D,,,,,,,,,,,,,,,,2017 Tesla Model X AWD - P100D,,,,,,,,,,,,,,,2017 Tesla Model X AWD - P100D,,,,,,,,,,,,,, ,,2017 Tesla Model X AWD - P100D,,,,,, ,,,,,,,,,,2017 Tesla Model X AWD - P100D,,,,,,,,,,,,,,,,,2017 Tesla Model X AWD - P100D,,,,,,,,,,,,,,,,,2017 Tesla Model X AWD - P100D,,,, ,,,,,,,,,,,2017 Tesla Model X AWD - P100D,,,,,,,,,,,,,,,2017 Tesla Model X AWD - P100D,,,,,,,,,,,,,,,,,,,,,,,,,,,,,,,,,
,2017,Tesla,Tesla Motors,Model X P100D,TSL,13,0.0,,Auto(A1),81,92,86,111,124.7,116.7731,81.474,91.5298,85.7115,,,,A,Automatic,,1,N,N,A,All Wheel Drive,,,289,EL,Electricity,MPG,miles per gallon,4,Vehicle can not operate on gasoline or diesel fuel,,,,,,,750,750,,,,,,,,,,,,,,,,,,,,,,,33,Standard SUV 4WD,,Electric Vehicle 2-cycle label,12/26/16,21352,,N,N,,,N,N,,,,,,,,Battery(s),,1,Lithium Ion,,350,250,150,On-Board,,,Electrical Regen Brake,,Both,N,,,,"Three battery sizes (75kwh, 90kWh and 100kWh) is available for 2017MY Model X AWD vehicles.",2,AC Induction,,193 and 375,,,,,N,N,,,N,No,P100D,,,,,,,,,,10,10,,HTSLV00.0L2X,10,,,,,,,,,,,,,,,3250,,0,0,0,,12 hrs (standard charger); 4.75 hrs (with 80A dual charger option),,,,,,276.1,305.8,289,,,,,,,,,,,,,,,,,,,,,,,,,
,2017,Tesla,Tesla Motors,Model X P100D,TSL,13,0.0,,Auto(A1),41,37,39,30.3543,27.0196,28.8537,41.369,36.8241,39.3238,,,,A,Automatic,,1,N,N,A,All Wheel Drive,,,289,EL,Electricity,KW-HR/100Miles,kilowatt-hour per 100 miles,4,Vehicle can not operate on gasoline or diesel fuel,,,,,,,750,750,,,,,,,,,,,,,,,,,,,,,,,33,Standard SUV 4WD,,Electric Vehicle 2-cycle label,12/26/16,21352,,N,N,,,N,N,,,,,,,,Battery(s),,1,Lithium Ion,,350,250,150,On-Board,,,Electrical Regen Brake,,Both,N,,,,"Three battery sizes (75kwh, 90kWh and 100kWh) is available for 2017MY Model X AWD vehicles.",2,AC Induction,,193 and 375,,,,,N,N,,,N,No,P100D,,,,,,,,,,10,10,,HTSLV00.0L2X,10,,,,,,,,,,,,,,,3250,,0,0,0,,12 hrs (standard charger); 4.75 hrs (with 80A dual charger option),,,,,,276.1,305.8,289,,,,,,,,,,,,,,,,,,,,,,,,,
,,,,,,,,,,,,,2017 Volkswagen e-Golf,,,,,,,,,,,,,,,,,2017 Volkswagen e-Golf,,,,,,,,,,,,,,,,2017 Volkswagen e-Golf,,,,,,,,,,,,,,,2017 Volkswagen e-Golf,,,,,,,,,,,,,, ,,2017 Volkswagen e-Golf,,,,,, ,,,,,,,,,,2017 Volkswagen e-Golf,,,,,,,,,,,,,,,,,2017 Volkswagen e-Golf,,,,,,,,,,,,,,,,,2017 Volkswagen e-Golf,,,, ,,,,,,,,,,,2017 Volkswagen e-Golf,,,,,,,,,,,,,,,2017 Volkswagen e-Golf,,,,,,,,,,,,,,,,,,,,,,,,,,,,,,,,,
,2017,Volkswagen Group of,Volkswagen,e-Golf,VGA,100,0.0,,Auto(A1),126,111,119,177,156.3,167.0447,125.67,110.973,118.6017,,,,A,Automatic,,1,Y,N,F,"2-Wheel Drive, Front",,,125,EL,Electricity,MPG,miles per gallon,N,Not exempt,,,,,91,17,550,550,,,,,,,,,,,,,,,,,,,,,,,4,Compact Cars,car,Electric Vehicle 2-cycle label,2/1/17,21382,,N,N,,,N,N,,,,,,,,Battery(s),,1,Lithium Ion,,370,111,104.1,Off-Board,,,Electrical Regen Brake,,Front Wheels,Y,,,,Engine code EAZA,1,Other,"Synchron Motor, permanet, AC 3",100,,,,,N,Y,,,N,No,,,,,,,,,,,10,10,,HVGAV00.0VZZ,10,,,,,,,,,,,,,,,4250,,0,0,0,,5.3,,,,,,130.3,117.7,125,,,,,,,,,,,,,,,,,,,,,,,,,
, ,    ( All charge depleting values are the average of the B-Mode  and the D-Mode),,,,,,,,27,30,28,19.0384,21.5703,20.1778,26.8202,30.3723,28.4186,,,,A,Automatic,,1,Y,N,F,"2-Wheel Drive, Front",,,125,EL,Electricity,KW-HR/100Miles,kilowatt-hour per 100 miles,N,Not exempt,,,,,91,17,550,550,,,,,,,,,,,,,,,,,,,,,,,4,Compact Cars,car,Electric Vehicle 2-cycle label,2/1/17,21382,,N,N,,,N,N,,,,,,,,Battery(s),,1,Lithium Ion,,370,111,104.1,Off-Board,,,Electrical Regen Brake,,Front Wheels,Y,,,,Engine code EAZA,1,Other,"Synchron Motor, permanet, AC 3",100,,,,,N,Y,,,N,No,,,,,,,,,,,10,10,,HVGAV00.0VZZ,10,,,,,,,,,,,,,,,4250,,0,0,0,,5.3,,,,,,130.3,117.7,125,,,,,,,,,,,,,,,,,,,,,,,,,
,,,,,,,,,,,,,,,,,,,,,,,,,,,,,,,,,,,,,,,,,,,,,,,,,,,,,,,,,,,,,,,,,,,,,,,,,,,,,,,,,,,,,,,,,,,,,,,,,,,,,,,,,,,,,,,,,,,,,,,,,,,,,,,,,,,,,,,,,,,,,,,,,,,,,,,,,,,,,,,,,,,,,,,,,,,,,,,,,,,,,,,,,,,,,,
,,,,,,,,,,,,,,,,,,,,,,,,,,,,,,,,,,,,,,,,,,,,,,,,,,,,,,,,,,,,,,,,,,,,,,,,,,,,,,,,,,,,,,,,,,,,,,,,,,,,,,,,,,,,,,,,,,,,,,,,,,,,,,,,,,,,,,,,,,,,,,,,,,,,,,,,,,,,,,,,,,,,,,,,,,,,,,,,,,,,,,,,,,,,,,
,,,,,,,,,,,,,,,,,,,,,,,,,,,,,,,,,,,,,,,,,,,,,,,,,,,,,,,,,,,,,,,,,,,,,,,,,,,,,,,,,,,,,,,,,,,,,,,,,,,,,,,,,,,,,,,,,,,,,,,,,,,,,,,,,,,,,,,,,,,,,,,,,,,,,,,,,,,,,,,,,,,,,,,,,,,,,,,,,,,,,,,,,,,,,,
,,,,,,,,,,,,,,,,,,,,,,,,,,,,,,,,,,,,,,,,,,,,,,,,,,,,,,,,,,,,,,,,,,,,,,,,,,,,,,,,,,,,,,,,,,,,,,,,,,,,,,,,,,,,,,,,,,,,,,,,,,,,,,,,,,,,,,,,,,,,,,,,,,,,,,,,,,,,,,,,,,,,,,,,,,,,,,,,,,,,,,,,,,,,,,
,,,,,,,,,,,,,,,,,,,,,,,,,,,,,,,,,,,,,,,,,,,,,,,,,,,,,,,,,,,,,,,,,,,,,,,,,,,,,,,,,,,,,,,,,,,,,,,,,,,,,,,,,,,,,,,,,,,,,,,,,,,,,,,,,,,,,,,,,,,,,,,,,,,,,,,,,,,,,,,,,,,,,,,,,,,,,,,,,,,,,,,,,,,,,,
,,,,(Sorted by Division Name),,,,,,,,,,,,,,,,,,,,,,,,,,,,,,,,,,,,,,,,,,,,,,,,,,,,,,,,,,,,,,,,,,,,,,,,,,,,,,,,,,,,,,,,,,,,,,,,,,,,,,,,,,,,,,,,,,,,,,,,,,,,,,,,,,,,,,,,,,,,,,,,,,,,,,,,,,,,,,,,,,,,,,,,,,,,,,,,,,,,,,,,,,
,,,,,,,,,,,,,,,,,,,,,,,,,,,,,,,,,,,,,,,,,,,,,,,,,,,,,,,,,,,,,,,,,,,,,,,,,,,,,,,,,,,,,,,,,,,,,,,,,,,,,,,,,,,,,,,,,,,,,,,,,,,,,,,,,,,,,,,,,,,,,,,,,,,,,,,,,,,,,,,,,,,,,,,,,,,,,,,,,,,,,,,,,,,,,,