,,2011 and Later PHEVs - data in EPA's Verify data base - plus driving range & utility factor information,,,,,,,,,,,,,,,,,,,,,,,,,,,,,,,,,,,,,,,,,,,,,,,,,,,,,,,,,,,,,,,,,,,,,,,,,,,,,,,,,,,,,,,,,,,,,,,,,,,,,,,,,,,,,,,,,,,,,,,,,,,,,,,,,,,,,,,,,,,,,,,,,,,,,,,,,,,,,,,,,,,,,,,,,,,,,,,,,,,,,,,,,,,,,,,,,,
,,,,,,,,,,,,,,,,,,,,,,,,,,,,,,,,,,,,,,,,,,,,,,,,,,,,,,,,,,,,,,,,,,,,,,,,,,,,,,,,,,,,,,,,,,,,,,,,,,,,,,,,,,,,,,,,,,,,,,,,,,,,,,,,,,,,,,,,,,,,,,,,,,,,,,,,,,,,,,,,,,,,,,,,,,,,,,,,,,,,,,,,,,,,,,,,,,,,
,,,,,,(Not Confidential),,,,,,,,,,,,,,,,,,,,,,,,,,,,,,,,,,,,,,,,,,,,,,,,,,,,,,,,,,,,,,,,,,,,,,,,,,,,,,,,,,,,,,,,,,,,,,,,,,,,,,,,,,,,,,,,,,,,,,,,,,,,,,,,,,,,,,,,,,,,,,,,,,,,,,,,,,,,,,,,,,,,,,,,,,,,,,,,,,,,,,,,,,,,,,
,,,,,,,,,,,,,,,,,,,,,,,,,,,,,,,,,,,,,,,,,,,,,,,,,,,,,,,,,,,,,,,,,,,,,,,,,,,,,,,,,,,,,,,,,,,,,,,,,,,,,,,,,,,,,,,,,,,,,,,,,,,,,,,,,,,,,,,,,,,,,,,,,,,,,,,,,,,,,,,PHEV,,,,,,,,,,,,,,,,,,,,,,,,,,,,,,,,,,,,,
,,,,,,,,,,,,,,,,,,,,,,,,,,,,,,,,,,,,,,,,,,,,,,,,,,,,,,,,,,,,,,,,,,,,,,,,,,,,,,,,,,,,,,,,,,,,,,,,,,,,,,,,,,,,,,,,,,,,,,,,,,,,,,,,,,,,,,,,,,,,,,,,,,,,,,,,,,,,,,,Total ,,,,New fields added by D. Good,,,,,,,,,,,,,,,,,,,,,,,,,,,,,,,,,
,Model Type Information,,,,,,,,,Charge Sustaining Information  (Gasoline Operation),,,,,,,,,,,,,,,,,,,,,,,,,,,Vehicle Information,,,,,,,,Ann Fuel Cost,,Charge Depleting Information (Electricity Operation),,,,,,,,,,,,,,,,,,,General Information,,,,,,,,, ,"General Hybrid Vehicle Information - Engine, Motor/Generator, Battery Information, etc.                                                                                                                                                                                                                                                                                                                               General Hybrid Vehicle Information - Engine, Motor/Generator, Battery Information, etc.",,,,,,,,,,,,,,,,,,,,,,,,,,,,,,,,,,,,,,,,,,,,,,,,,,,,,,,,FE & GHG Ratings,,,#1 Smog Rating Test Group,,,,#2 Smog Rating Test Group,,,,#3 Smog Rating Test Group,,,,#4 Smog Rating Test Group,,,,You Save/You Spend,,Gasoline Adjusted CO2,,,PHEV,Battery Charge Time,,Range,PHEV Composite  MPGe,,,Composite CO2,,,Charge Depleting Driving Range,,,Individual Utility Factors (Rcda MDIUFs),,,PHEV Charge Depleting Fuel Consumption,,,Fuel Tank,,,,,,,,,,,,,,,,,,,,,
,Model Yr ,Mfr Name,Division,Carline,Verify Mfr Cd,Index (Model Type Index),Eng Displ,# Cyl,Trans as listed in FE Guide (derived from col AA thru AF),City FE (Guide) - Conventional Fuel,Hwy FE (Guide) - Conventional Fuel,Comb FE (Guide) - Conventional Fuel,City Unadj FE - Conventional Fuel,Hwy Unadj FE - Conventional Fuel,Comb Unadj FE - Conventional Fuel,City Unrd Adj FE - Conventional Fuel,Hwy Unrd Adj FE - Conventional Fuel,Comb Unrd Adj FE - Conventional Fuel,Guzzler? ,Air Aspir Method,Air Aspiration Method Desc,Trans,Trans Desc,"Trans, Other",# Gears,Trans Lockup,Trans Creeper Gear,Drive Sys,Drive Desc,Max Ethanol % - Gasoline,Max Biodiesel %,Range1 - Model Type Driving Range - Conventional Fuel,Fuel Usage  - Conventional Fuel,Fuel Usage Desc - Conventional Fuel,Fuel Unit - Conventional Fuel,Fuel Unit Desc - Conventional Fuel,Gas Guzzler Exempt (Where Truck = 1975 NHTSA truck definition),Gas Guzzler Exempt Desc (Where Truck = 1975 NHTSA truck definition),2Dr Pass Vol,2Dr Lugg Vol,4Dr Pass Vol,4Dr Lugg Vol,Htchbk Pass Vol,Htchbk Lugg Vol,Annual Fuel1 Cost - Conventional Fuel,EPA Calculated Annual Fuel Cost - Conventional Fuel -----  Annual fuel cost error. Please revise Verify. ,City2 FE (Guide) - Alternative Fuel,Hwy2 Fuel FE (Guide) - Alternative Fuel,Comb2 Fuel FE (Guide) - Alternative Fuel,City2 Unadj FE - Alternative Fuel,Hwy2 Unadj FE - Alternative Fuel,Comb2 Unadj FE - Alternative Fuel,City2 Unrd Adj FE - Alternative Fuel,Hwy2 Unrd Adj FE - Alternative Fuel,Cmb2 Unrd Adj FE - Alternative Fuel, Range2 - Alt Fuel Model Typ Driving Range - Alternative Fuel, Fuel2 Usage - Alternative Fuel, Fuel2 Usage Desc - Alternative Fuel,Fuel2 Unit - Alternative Fuel,Fuel2 Unit Desc - Alternative Fuel,Fuel2 Annual Fuel Cost - Alternative Fuel,City CO2 Rounded Adjusted,Hwy CO2 Rounded Adjusted,Comb CO2 Rounded Adjusted,Fuel2 EPA Calculated Annual Fuel Cost - Alternative Fuel,Descriptor - Model Type (40 Char or less),Intake Valves Per Cyl,Exhaust Valves Per Cyl,Carline Class,Carline Class Desc,Car/Truck Category - Cash for Clunkers Bill.,Calc Approach Desc,Release Date (gold fill means release date is after 8/2/2012),EPA FE Label Dataset ID, ,Unique Label?,Label Recalc?,Relabel,Relabel Desc,Suppressed?,Police/Emerg?,Comments - Mfr Eng Cnfg,Cyl Deact?,Cyl Deact Desc,Var Valve Timing?,Var Valve Timing Desc,Var Valve Lift?,Var Valve Lift Desc,Energy Storage Device Desc,"Energy Storage Device,If Other",# Batteries,Battery Type Desc,"Battery Type, If Other",Total Voltage for Battery Pack(s),Batt Energy Capacity (Amp-hrs),Batt Specific Energy (Watt-hr/kg),Batt Charger Type Desc,Comments,# Capacitors,Regen Braking Type Desc,"Regen Braking Type, If Other","Regen Braking Wheels Source (Front, Rear, Both)",Driver Cntrl Regen Braking?,Fuel Cell Desc,Usable H2 Fill Capacity (kg),Fuel Cell Onboard H2 Capacity (kg),HEV-EV Comments,# Drive Motor Gen,Motor Gen Type Desc,"Motor Gen Type, If Other",Rated Motor Gen Power (kW),Fuel Metering Type 1 Desc,Fuel Metering Type 2 Desc,Fuel Metering Sys Cd,Fuel Metering Sys Desc,Fuel Cell Vehicle (Y or N),Off Board Charge Capable (Y or N),Camless Valvetrain (Y or N),Oil Viscosity,Stop/Start System (Engine Management System) Code,Stop/Start System (Engine Management System)  Description,Model Type Desc (MFR entered),Charge Depleting Calc Appr Code (PHEVs only),Charge Depleting Calc Appr Desc  (PHEVs only),Charge Sustaining Calc Appr Code  (PHEVs only),Charge Sustaining Calc Appr Desc  (PHEVs only),EPA Calculated Annual Fuel Cost,EPA Calculated Gas Guzzler MPG,MFR Calculated Gas Guzzler MPG ,EPA Calculated Gas Guzzler Indicator (Y or N), ,FE Rating (1-10 rating on Label),GHG Rating (1-10 rating on Label),GHG 1-10 rating on Ethanol (EPA Determined),#1 Smog Rating Test Group,#1 Mfr Smog Rating (Mfr Smog 1-10 Rating on Label for Test Group 1),#1 EPA Smog Rating (EPA Smog 1-10 Rating on Label for Test Group 1),SmartWay1 (EPA-derived SmartWay rating for Test Group 1),#2 Smog Rating Test Group,#2 Mfr Smog Rating (Mfr Smog 1-10 Rating on Label for Test Group 2),#2 EPA Smog Rating (EPA Smog 1-10 Rating on Label for Test Group 2),SmartWay2 (EPA-derived SmartWay rating for Test Group 2),#3 Smog Rating Test Group,#3 Mfr Smog Rating (Mfr Smog 1-10 Rating on Label for Test Group 3),#3 EPA Smog Rating (EPA Smog 1-10 Rating on Label for Test Group 3),SmartWay3 (EPA-derived SmartWay rating for Test Group 3),#4 Smog Rating Test Group,#4 Mfr Smog Rating (Mfr Smog 1-10 Rating on Label for Test Group 4),#4 EPA Smog Rating (EPA Smog 1-10 Rating on Label for Test Group 4),SmartWay4 (EPA-derived SmartWay rating for Test Group 4),$ You Save over 5 years (amount saved in fuel costs over 5 years - on label) ,$ You Spend over 5 years (increased amount spent in fuel costs over 5 years - on label) ,City CO2 Rounded Adjusted,Hwy CO2 Rounded Adjusted,Comb CO2 Rounded Adjusted (as shown on FE Label),CO2-PHEV Composite Rounded Adjusted Combined CO2,240V Charge Time at 240 volts (hours),120V Charge time at 120 Volts (hours),PHEV Total Driving Range (rounded to nearest 10 miles)DISTANCE,City PHEV Composite MPGe,Hwy PHEV Composite MPGe,Comb PHEV Composite MPGe,City CO2-PHEV Composite Rounded Adjusted Combined CO2,Hwy CO2-PHEV Composite Rounded Adjusted Combined CO2,CO2-PHEV Composite Rounded Adjusted Combined CO2,City Range on Electricity (miles),Hwy Range on Electricity (miles),Comb Range on Electricity as shown on FE Label (miles),City Utility Factor (MDIUF),Hwy Utility Factor (MDIUF),Comb Utility Factor (MDIUF),City (gal/100 mi),Hwy (gal/100 mi),Combined (gal/100 mi) as listed on blended PHEV labels,Size (gal),,,,,,,,,,,,,,,,,,,,,
,,,,,,,,,,,,,2017 Audi A3 e-tron (PHEV),,,,,,,,,,,,,,,,,2017 Audi A3 e-tron (PHEV),,,,,,,,,,,,,,,,2017 Audi A3 e-tron (PHEV),,,,,,,,,,,,,,,2017 Audi A3 e-tron (PHEV),,,,,,,,,,,,,,,,2017 Audi A3 e-tron (PHEV),,,,,,,,,,,,,,,,2017 Audi A3 e-tron (PHEV),,,,,,,,,,,,,,,,,2017 Audi A3 e-tron (PHEV),,,,,,,,,,,,,,,,,2017 Audi A3 e-tron (PHEV),,,,,,,,,,,,,, ,2017 Audi A3 e-tron (PHEV),,,,,,,,,,,,,,,2017 Audi A3 e-tron (PHEV),,,,,,,,,,,,2017 Audi A3 e-tron (PHEV),,,,,,,,,,,,,,,,,,,,,,,,,,,
,2017,Volkswagen Group of,Audi,A3 e-tron,VGA,86,1.4,4,Auto(AM-S6),33,36,34,43.6,52,47,32.6,35.6,33.9,,TC,Turbocharged,AMS,Automated Manual- Selectable (e.g. Automated Manual with paddles),,6,Y,N,F,"2-Wheel Drive, Front",15,,360,GP,Gasoline (Premium Unleaded Recommended),MPG,miles per gallon,N,Not exempt,,,,,89,14,1050,1050,42,39,41,29.3,27.7,28.6,41.6741,39.0657,40.5004,16,EL,Electricity,KW-HR/100Miles,kilowatt-hour per 100 miles,1050,,,,1050,SIDI; PHEV; ,2,2,4,Compact Cars,car,Plug-in Hybrid Label,9/23/16,21017,,Y,N,,,N,N,Engine Code CXUA,N,,Y,Electro/Hydraulic,N,,Battery(s),,1,Lithium Ion,,350,8800.00,70.4,Both On-Board and Off-Board,,,Electrical Regen Brake,,Front Wheels,Y,,,,,1,"DC Permanent Magnet, brushless",,80,,,GDI,Spark Ignition Direct Injection,N,Y,N,5W40 VW 50200,Y,Yes,,CD-2C,Charge Depleting 2-cycle,CS-2C,Charge Sustaining 2-cycle,,,47.0,,,10,10,,HVGAV01.4V3B,8,,,,,,,,,,,,,,,1750,,0,0,0,158,2.50,,380,42,46,44,164,150,158,16.29,15.91,16,0.396,0.389,0.393,0,0,0,10.6,,,,,,,,,,,,,,,,,,,,,
, ,"(Blended PHEV; tested in the EV (default) mode (not hold, auto, charge or sport mode)",,,,,,,,33,36,34,43.6,52,47,32.6,35.6,33.9,,TC,Turbocharged,AMS,Automated Manual- Selectable (e.g. Automated Manual with paddles),,6,Y,N,F,"2-Wheel Drive, Front",15,,360,GP,Gasoline (Premium Unleaded Recommended),MPG,miles per gallon,N,Not exempt,,,,,89,14,1050,1050,81,86,83,114.9618,123.0027,118.4462,80.6617,86.1019,83.0222,16,EL,Electricity,MPG,miles per gallon,1050,,,,1050,SIDI; PHEV; ,2,2,4,Compact Cars,car,Plug-in Hybrid Label,9/23/16,21017,,Y,N,,,N,N,Engine Code CXUA,N,,Y,Electro/Hydraulic,N,,Battery(s),,1,Lithium Ion,,350,8800.00,70.4,Both On-Board and Off-Board,,,Electrical Regen Brake,,Front Wheels,Y,,,,,1,"DC Permanent Magnet, brushless",,80,,,GDI,Spark Ignition Direct Injection,N,Y,N,5W40 VW 50200,Y,Yes,,CD-2C,Charge Depleting 2-cycle,CS-2C,Charge Sustaining 2-cycle,,,47.0,,,10,10,10,HVGAV01.4V3B,8,,,,,,,,,,,,,,,1750,,270,242,257,158,2.50,,380,42,46,44,164,150,158,All Electric Range = 0-16 miles (combined),,,0.396,0.389,0.393,,,,10.6,,,,,,,,,,,,,,,,,,,,,
,,,,,,,,,,,,,2017 BMW 330e (PHEV),,,,,,,,,,,,,,,,,2017 BMW 330e (PHEV),,,,,,,,,,,,,,,,2017 BMW 330e (PHEV),,,,,,,,,,,,,,,2017 BMW 330e (PHEV),,,,,,,,,,,,,,,,2017 BMW 330e (PHEV),,,,,,,,,,,,,,,,2017 BMW 330e (PHEV),,,,,,,,,,,,,,,,,2017 BMW 330e (PHEV),,,,,,,,,,,,,,,,,2017 BMW 330e (PHEV),,,,,,,,,,,,,, ,2017 BMW 330e (PHEV),,,,,,,,,,,,,,,2017 BMW 330e (PHEV),,,,,,,,,,,,2017 BMW 330e (PHEV),,,,,,,,,,,,,,,,,,,,,,,,,,,
,2017,BMW,BMW,330e,BMX,330,2.0,4,Auto(S8),28,34,30,36.3462,49.9849,41.4336,27.7708,34.3774,30.3998,,TC,Turbocharged,SA,Semi-Automatic,,8,Y,N,R,"2-Wheel Drive, Rear",10,,332,GP,Gasoline (Premium Unleaded Recommended),MPG,miles per gallon,N,Not exempt,,,96,9,,,1200,1200,51,43,47,36,36.7,36.311,50.729,43.0225,47.261,14,EL,Electricity,KW-HR/100Miles,kilowatt-hour per 100 miles,1200,,,,1200,SIDI; PHEV; ,2,2,4,Compact Cars,car,Plug-in Hybrid Label,8/1/16,20851,,N,N,,,N,N,,N,,Y,variable valve timing at inlet and outlet valves,Y,variable valve lift at inlet valves,Battery(s),,6,Lithium Ion,,351,26,92,On-Board,,,Electrical Regen Brake,,Both,N,,,,,1,"DC Permanent Magnet, brushless",,83,,,GDI,Spark Ignition Direct Injection,N,Y,N,0W20,Y,Yes,,CD-2C,Charge Depleting 2-cycle,CS-2C,Charge Sustaining 2-cycle,,,41.4,,,9,10,,HBMXV02.0H48,6,,,,,,,,,,,,,,,1000,,0,0,0,189,2,,350,34,43,38,210.1,162.2,189,13.06,15.11,14,0.344,0.376,0.359,0,0,0,10.8,,,,,,,,,,,,,,,,,,,,,
,,(Blended PHEV; tested in the AUTO eDrive (default) mode---not MAX eDRIVE mode or Save  Battery mode),,,,,,,,28,34,30,36.3462,49.9849,41.4336,27.7708,34.3774,30.3998,,TC,Turbocharged,SA,Semi-Automatic,,8,Y,N,R,"2-Wheel Drive, Rear",10,,332,GP,Gasoline (Premium Unleaded Recommended),MPG,miles per gallon,N,Not exempt,,,96,9,,,1200,1200,66,78,71,93.7,111,100.937,66.0249,77.9981,70.9242,14,EL,Electricity,MPG,miles per gallon,1200,,,,1200,SIDI; PHEV; ,2,2,4,Compact Cars,car,Plug-in Hybrid Label,8/1/16,20851,,N,N,,,N,N,,N,,Y,variable valve timing at inlet and outlet valves,Y,variable valve lift at inlet valves,Battery(s),,6,Lithium Ion,,351,26,92,On-Board,,,Electrical Regen Brake,,Both,N,,,,,1,"DC Permanent Magnet, brushless",,83,,,GDI,Spark Ignition Direct Injection,N,Y,N,0W20,Y,Yes,,CD-2C,Charge Depleting 2-cycle,CS-2C,Charge Sustaining 2-cycle,,,41.4,,,9,10,10,HBMXV02.0H48,6,,,,,,,,,,,,,,,1000,,318,257,290,189,2,,350,34,43,38,210.1,162.2,189,All Electric Range = 0-14 miles (combined),,,0.344,0.376,0.359,,,,10.8,,,,,,,,,,,,,,,,,,,,,
,,,,,,,,,,,,,2017 BMW 740e xDrive (PHEV),,,,,,,,,,,,,,,,,2017 BMW 740e xDrive (PHEV),,,,,,,,,,,,,,,,2017 BMW 740e xDrive (PHEV),,,,,,,,,,,,,,,2017 BMW 740e xDrive (PHEV),,,,,,,,,,,,,,,,2017 BMW 740e xDrive (PHEV),,,,,,,,,,,,,,,,2017 BMW 740e xDrive (PHEV),,,,,,,,,,,,,,,,,2017 BMW 740e xDrive (PHEV),,,,,,,,,,,,,,,,,2017 BMW 740e xDrive (PHEV),,,,,,,,,,,,,, ,2017 BMW 740e xDrive (PHEV),,,,,,,,,,,,,,,2017 BMW 740e xDrive (PHEV),,,,,,,,,,,,2017 BMW 740e xDrive (PHEV),,,,,,,,,,,,,,,,,,,,,,,,,,,
,2017,BMW,BMW,740e xDrive,BMX,740,2.0,4,Auto(S8),25,29,27,32.1,42.1,35.9418,24.8563,29.4644,26.7381,,TC,Turbocharged,SA,Semi-Automatic,,8,Y,N,A,All Wheel Drive,10,,326,GP,Gasoline (Premium Unleaded Recommended),MPG,miles per gallon,N,Not exempt,,,114,10,,,1350,1350,53,50,52,38.5,45.4,41.574,53.2116,49.622,51.5963,14,EL,Electricity,KW-HR/100Miles,kilowatt-hour per 100 miles,1350,,,,1350,SIDI; PHEV; ,2,2,6,Large Cars,car,Plug-in Hybrid Label,8/1/16,20775,,N,N,,,N,N,,N,,Y,variable valve timing at inlet and outlet valves,Y,variable valve lift at inlet valves,Battery(s),,6,Lithium Ion,,351,26,92,On-Board,,,Electrical Regen Brake,,Both,N,,,,,1,"DC Permanent Magnet, brushless",,83,,,GDI,Spark Ignition Direct Injection,N,Y,N,0W20,Y,Yes,,CD-2C,Charge Depleting 2-cycle,CS-2C,Charge Sustaining 2-cycle,,,36.2,,,8,9,,HBMXV02.0H48,6,,,,,,,,,,,,,,,250,,0,0,0,214,3,,340,31,37,33,233.3,191.5,214,13.45,14.73,14,0.356,0.369,0.362,0,0,0,12.1,,,,,,,,,,,,,,,,,,,,,
,,(Blended PHEV; tested in the AUTO eDrive (default) mode---not MAX eDRIVE mode or Save  Battery mode),,,,,,,,25,29,27,32.1,42.1,35.9418,24.8563,29.4644,26.7381,,TC,Turbocharged,SA,Semi-Automatic,,8,Y,N,A,All Wheel Drive,10,,326,GP,Gasoline (Premium Unleaded Recommended),MPG,miles per gallon,N,Not exempt,,,114,10,,,1350,1350,62,68,64,87.6,97,91.456,62.0758,67.613,64.451,14,EL,Electricity,MPG,miles per gallon,1350,,,,1350,SIDI; PHEV; ,2,2,6,Large Cars,car,Plug-in Hybrid Label,8/1/16,20775,,N,N,,,N,N,,N,,Y,variable valve timing at inlet and outlet valves,Y,variable valve lift at inlet valves,Battery(s),,6,Lithium Ion,,351,26,92,On-Board,,,Electrical Regen Brake,,Both,N,,,,,1,"DC Permanent Magnet, brushless",,83,,,GDI,Spark Ignition Direct Injection,N,Y,N,0W20,Y,Yes,,CD-2C,Charge Depleting 2-cycle,CS-2C,Charge Sustaining 2-cycle,,,36.2,,,8,9,,HBMXV02.0H48,6,,,,,,,,,,,,,,,250,,356,300,331,214,3,,340,31,37,33,233.3,191.5,214,All Electric Range = 0-14 miles (combined),,,0.356,0.369,0.362,,,,12.1,,,,,,,,,,,,,,,,,,,,,
,,,,,,,,,,,,,2017 BMW  I3 REX (94 Amp-hour battery) ,,,,,,,,,,,,,,,,,2017 BMW  I3 REX (94 Amp-hour battery) ,,,,,,,,,,,,,,,,2017 BMW  I3 REX (94 Amp-hour battery) ,,,,,,,,,,,,,,,2017 BMW  I3 REX (94 Amp-hour battery) ,,,,,,,,,,,,,,,,2017 BMW  I3 REX (94 Amp-hour battery) ,,,,,,,,,,,,,,,,2017 BMW  I3 REX (94 Amp-hour battery) ,,,,,,,,,,,,,,,,,2017 BMW  I3 REX (94 Amp-hour battery) ,,,,,,,,,,,,,,,,,2017 BMW  I3 REX (94 Amp-hour battery) ,,,,,,,,,,,,,, ,2017 BMW  I3 REX (94 Amp-hour battery) ,,,,,,,,,,,,,,,2017 BMW  I3 REX (94 Amp-hour battery) ,,,,,,,,,,,,2017 BMW  I3 REX (94 Amp-hour battery) ,,,,,,,,,,,,,,,,,,,,,,,,,,,
,2017,BMW,BMW,I3 REX  (94 Amp-hour battery),BMX,103,0.6,2,Auto(A1),36,33,35,49.2,48.4,48.8368,36.1399,33.4036,34.8551,,NA,Naturally Aspirated,A,Automatic,,1,N,N,R,"2-Wheel Drive, Rear",10,,80,GP,Gasoline (Premium Unleaded Recommended),MPG,miles per gallon,N,Not exempt,,,84,15,,,650,650,29,32,30,20,22.7,21.209,28.6247,32.456,30.3488,97,EL,Electricity,KW-HR/100Miles,kilowatt-hour per 100 miles,650,,,,650,PHEV; 94 Amp-hour battery,2,2,3,Subcompact Cars,car,Plug-in Hybrid Label,9/1/16,20890,,,N,,,N,N,,N,,N,,N,,Battery(s),,8,Lithium Ion,,398,94,109.4,On-Board,,,Electrical Regen Brake,,Rear Wheels,N,,,,,1,AC Induction,,125,,,MFI,,N,Y,N,5W30,Y,Yes,,CD-2C,Charge Depleting 2-cycle,CS-2C,Charge Sustaining 2-cycle,,,48.8,,,10,10,,HBMXV00.6I3R,8,,,,,,,,,,,,,,,3750,,0,0,0,29,5,,180,95,81,88,26,33,29,103.03,90.55,97,0.896,0.877,0.888,0,0,0,2.3,,,,,,,,,,,,,,,,,,,,,
,2017,(Non-blended PHEV; tested in the (default) Comfort mode---not the ECO PRO or ECO PRO+ modes),,,,,,,,36,33,35,49.2,48.4,48.8368,36.1399,33.4036,34.8551,,NA,Naturally Aspirated,A,Automatic,,1,N,N,R,"2-Wheel Drive, Rear",10,,80,GP,Gasoline (Premium Unleaded Recommended),MPG,miles per gallon,N,Not exempt,,,84,15,,,650,650,118,103,111,168.8,147,158.004,118.125,102.6157,110.6026,97,EL,Electricity,MPG,miles per gallon,650,,,,650,PHEV; 94 Amp-hour battery,2,2,3,Subcompact Cars,car,Plug-in Hybrid Label,9/1/16,20890,,,N,,,N,N,,N,,N,,N,,Battery(s),,8,Lithium Ion,,398,94,109.4,On-Board,,,Electrical Regen Brake,,Rear Wheels,N,,,,,1,AC Induction,,125,,,MFI,Multipoint/sequential fuel injection,N,Y,N,5W30,Y,Yes,,CD-2C,Charge Depleting 2-cycle,CS-2C,Charge Sustaining 2-cycle,,,48.8,,,10,10,,HBMXV00.6I3R,8,,,,,,,,,,,,,,,3750,,246,266,255,29,5,,180,95,81,88,26,33,29,All Electric Range = 97 miles (combined),,,0.896,0.877,0.888,,,,2.3,,,,,,,,,,,,,,,,,,,,,
,,,,,,,,,,,,,2017 BMW I8 (PHEV),,,,,,,,,,,,,,,,,2017 BMW I8 (PHEV),,,,,,,,,,,,,,,,2017 BMW I8 (PHEV),,,,,,,,,,,,,,,2017 BMW I8 (PHEV),,,,,,,,,,,,,,,,2017 BMW I8 (PHEV),,,,,,,,,,,,,,,,2017 BMW I8 (PHEV),,,,,,,,,,,,,,,,,2017 BMW I8 (PHEV),,,,,,,,,,,,,,,,,2017 BMW I8 (PHEV),,,,,,,,,,,,,, ,2017 BMW I8 (PHEV),,,,,,,,,,,,,,,2017 BMW I8 (PHEV),,,,,,,,,,,,2017 BMW I8 (PHEV),,,,,,,,,,,,,,,,,,,,,,,,,,,
,2017,BMW,BMW,I8,BMX,108,1.5,3,Auto(A6),28,29,28,38.4,46.4,41.6299,28.1135,28.8888,28.4624,,TC,Turbocharged,A,Automatic,,6,Y,N,A,All Wheel Drive,10,,316,GP,Gasoline (Premium Unleaded Recommended),MPG,miles per gallon,N,Not exempt,81,5,,,,,1250,1250,45,41,43,29.6,38.2,33.478,44.9428,41.2881,43.2982,15,EL,Electricity,KW-HR/100Miles,kilowatt-hour per 100 miles,1250,,,,1250,SIDI; PHEV; ,2,2,3,Subcompact Cars,car,Plug-in Hybrid Label,9/1/16,20892,,N,N,,,N,N,,N,,Y,variable valve timing at inlet and outlet valves,Y,variable valve lift at inlet valves,Battery(s),,6,Lithium Ion,,355,20,71.7,On-Board,,,Electrical Regen Brake,,Front Wheels,N,,,,,1,AC Induction,,96,,,GDI,Spark Ignition Direct Injection,N,Y,N,0W20,Y,Yes,,CD-2C,Charge Depleting 2-cycle,CS-5C,Charge Sustaining 5-cycle,,,37.4,,,8,10,,HBMXV01.5I8P,6,,,,,,,,,,,,,,,750,,0,14,6,199,2,,330,37,38,37,202,195,199,14.73,15.43,15,0.368,0.381,0.374,0,0.2,0.1,11.1,,,,,,,,,,,,,,,,,,,,,
,2017,,"(Blended PHEV; tested in the (default) ""D"" mode---not the ""Sport"" mode)",,,,,,,28,29,28,38.4,46.4,41.6299,28.1135,28.8888,28.4624,,TC,Turbocharged,A,Automatic,,6,Y,N,A,All Wheel Drive,10,,316,GP,Gasoline (Premium Unleaded Recommended),MPG,miles per gallon,N,Not exempt,81,5,,,,,1250,1250,80,72,76,113.7,103,108.822,79.5972,72.3731,76.1755,15,EL,Electricity,MPG,miles per gallon,1250,,,,1250,SIDI; PHEV; ,2,2,3,Subcompact Cars,car,Plug-in Hybrid Label,9/1/16,20892,,N,N,,,N,N,,N,,Y,variable valve timing at inlet and outlet valves,Y,variable valve lift at inlet valves,Battery(s),,6,Lithium Ion,,355,20,71.7,On-Board,,,Electrical Regen Brake,,Front Wheels,N,,,,,1,AC Induction,,96,,,GDI,Spark Ignition Direct Injection,N,Y,N,0W20,Y,Yes,,CD-2C,Charge Depleting 2-cycle,CS-5C,Charge Sustaining 5-cycle,,,37.4,,,8,10,,HBMXV01.5I8P,6,,,,,,,,,,,,,,,750,,316,308,312,199,2,,330,37,38,37,202,195,199,All Electric Range = 0-14 miles (combined),,,0.368,0.381,0.374,,,,11.1,,,,,,,,,,,,,,,,,,,,,
,,,,,,,,,,,,,2017 BMW X5 xDrive40e (PHEV),,,,,,,,,,,,,,,,,2017 BMW X5 xDrive40e (PHEV),,,,,,,,,,,,,,,,2017 BMW X5 xDrive40e (PHEV),,,,,,,,,,,,,,,2017 BMW X5 xDrive40e (PHEV),,,,,,,,,,,,,,,,2017 BMW X5 xDrive40e (PHEV),,,,,,,,,,,,,,,,2017 BMW X5 xDrive40e (PHEV),,,,,,,,,,,,,,,,,2017 BMW X5 xDrive40e (PHEV),,,,,,,,,,,,,,,,,2017 BMW X5 xDrive40e (PHEV),,,,,,,,,,,,,, ,2017 BMW X5 xDrive40e (PHEV),,,,,,,,,,,,,,,2017 BMW X5 xDrive40e (PHEV),,,,,,,,,,,,2017 BMW X5 xDrive40e (PHEV),,,,,,,,,,,,,,,,,,,,,,,,,,,
,2017,BMW,BMW,X5 xDrive40e,BMX,576,2.0,4,Auto(S8),23,25,24,29.4,37.8484,33.2018,22.962,24.8488,23.8111,,TC,Turbocharged,SA,Semi-Automatic,,8,Y,N,A,All Wheel Drive,10,,521,GP,Gasoline (Premium Unleaded Recommended),MPG,miles per gallon,T,Truck,,,,,,,1550,1550,62,57,59,43.1,39.6,41.6,61.611,56.6119,59.3614,14,EL,Electricity,KW-HR/100Miles,kilowatt-hour per 100 miles,1550,,,,1550,SIDI; PHEV; ,2,2,33,Standard SUV 4WD,,Plug-in Hybrid Label,8/30/16,20891,,N,N,,,N,N,,N,,Y,variable valve timing at inlet and outlet valves,Y,variable valve lift at inlet valves,Battery(s),,6,Lithium Ion,,355,26,80,On-Board,,,Electrical Regen Brake,,Both,N,,,,,1,AC Induction,,83,,,GDI,Spark Ignition Direct Injection,N,Y,N,0W20,Y,Yes,,CD-2C,Charge Depleting 2-cycle,CS-3C,Charge Sustaining 3-cycle,,,43.8,,,7,8,,HBMXT02.0H20,6,,,,,,,,,,,,,,,,750,0,0,0,248,3,,540,28,31,29,259.6,233.2,248,13.17,13.95,14,0.338,0.353,0.345,4.4,4.0,4.2,21.9,,,,,,,,,,,,,,,,,,,,,
,2017,(Blended PHEV; tested in the (default) Comfort Auto eDrive mode---not the Sport or ECO PRO modes),,,,,,,,23,25,24,29.4,37.8484,33.2018,22.962,24.8488,23.8111,,TC,Turbocharged,SA,Semi-Automatic,,8,Y,N,A,All Wheel Drive,10,,521,GP,Gasoline (Premium Unleaded Recommended),MPG,miles per gallon,T,Truck,,,,,,,1550,1550,55,57,56,78.6,81.9,80,55.038,57.3002,56.0335,14,EL,Electricity,MPG,miles per gallon,1550,,,,1550,SIDI; PHEV; ,2,2,33,Standard SUV 4WD,,Plug-in Hybrid Label,8/30/16,20891,,N,N,,,N,N,,N,,Y,variable valve timing at inlet and outlet valves,Y,variable valve lift at inlet valves,Battery(s),,6,Lithium Ion,,355,26,80,On-Board,,,Electrical Regen Brake,,Both,N,,,,,1,AC Induction,,83,,,GDI,Spark Ignition Direct Injection,N,Y,N,0W20,Y,Yes,,CD-2C,Charge Depleting 2-cycle,CS-3C,Charge Sustaining 3-cycle,,,43.8,,,7,8,,HBMXT02.0H20,6,,,,,,,,,,,,,,,,750,385,358,373,248,3,,540,28,31,29,259.6,233.2,248,All Electric Range = 0-13 miles (combined),,,0.338,0.353,0.345,,,,21.9,,,,,,,,,,,,,,,,,,,,,
,,,,,,,,,,,,,2017 Chevrolet Volt,,,,,,,,,,,,,,,,,2017 Chevrolet Volt,,,,,,,,,,,,,,,,2017 Chevrolet Volt,,,,,,,,,,,,,,,2017 Chevrolet Volt,,,,,,,,,,,,,,,,2017 Chevrolet Volt,,,,,,,,,,,,,,,,2017 Chevrolet Volt,,,,,,,,,,,,,,,,,2017 Chevrolet Volt,,,,,,,,,,,,,,,,,2017 Chevrolet Volt,,,,,,,,,,,,,, ,2017 Chevrolet Volt,,,,,,,,,,,,,,,2017 Chevrolet Volt,,,,,,,,,,,,2017 Chevrolet Volt,,,,,,,,,,,,,,,,,,,,,,,,,,,
,2017,General Motors,Chevrolet,VOLT,GMX,1,1.5,4,Auto(AV),43,42,42,58.7,61.1,59.7562,42.6,41.8,42.2,,NA,Naturally Aspirated,CVT,Continuously Variable,,1,Y,N,F,"2-Wheel Drive, Front",10,,367,G,Gasoline (Regular Unleaded Recommended),MPG,miles per gallon,N,Not exempt,,,,,90,19,650,650,29,34,31,20.6,23.6,22.0,29.4,33.9,31,53,EL,Electricity,KW-HR/100Miles,kilowatt-hour per 100 miles,650,,,,650,SIDI; PHEV; ,2,2,4,Compact Cars,car,Plug-in Hybrid Label,3/15/16,19544,,N,N,,,N,N,,N,,Y,Cam Phaser,N,,Battery(s),,1,Lithium Ion,,337,52,100.5,Off-Board,,,Electrical Regen Brake,,Front Wheels,N,,,,"Motor Power Rating:  Motor A = 40 kW Continuous, Motor B = 75 kW Continuous, Peak Power = 111 kW",2,Other,3 Phase AC Permenant Magnet,48 and 87,,,GDI,Spark Ignition Direct Injection,N,Y,N,5W30,Y,Yes,Volt,CD-2C,Charge Depleting 2-cycle,CS-5C,Charge Sustaining 5-cycle,,,60.1,,,10,10,,HGMXV01.5030,8,,,HGMXV01.5020,5,,,,,,,,,,,3750,,0,0,0,51,4.5,,420,82,72,77,47,57,51,56.77,48.86,53,0.778,0.737,0.761,0,0,0,8.9,,,,,,,,,,,,,,,,,,,,,
,,(Non-blended PHEV; tested in the normal (default) mode---not the sport or mountain modes),,,,,,,,43,42,42,58.7,61.1,59.7562,42.6,41.8,42.2,,NA,Naturally Aspirated,CVT,Continuously Variable,,1,Y,N,F,"2-Wheel Drive, Front",10,,367,G,Gasoline (Regular Unleaded Recommended),MPG,miles per gallon,N,Not exempt,,,,,90,19,650,650,113,99,106,162.1,141.1,151.925,113,99,106,53,EL,Electricity,MPG,miles per gallon,650,,,,650,SIDI; PHEV; ,2,2,4,Compact Cars,car,Plug-in Hybrid Label,3/15/16,19544,,N,N,,,N,N,,N,,Y,Cam Phaser,N,,Battery(s),,1,Lithium Ion,,337,52,100.5,Off-Board,,,Electrical Regen Brake,,Front Wheels,N,,,,"Motor Power Rating:  Motor A = 40 kW Continuous, Motor B = 75 kW Continuous, Peak Power = 111 kW",2,Other,3 Phase AC Permenant Magnet,48 and 87,,,GDI,Spark Ignition Direct Injection,N,Y,N,5W30,Y,Yes,Volt,CD-2C,Charge Depleting 2-cycle,CS-5C,Charge Sustaining 5-cycle,,,60.1,,,10,10,,HGMXV01.5030,8,,,HGMXV01.5020,5,,,,,,,,,,,3750,,207,213,210,51,4.5,,420,82,72,77,47,57,51,All Electric Range = 53 miles (combined),,,0.778,0.737,0.761,,,,8.9,,,,,,,,,,,,,,,,,,,,,
,,,,,,,,,,,,,2017 Chrysler Pacifica Hybrid (PHEV),,,,,,,,,,,,,,,,,2017 Chrysler Pacifica Hybrid (PHEV),,,,,,,,,,,,,,,,2017 Chrysler Pacifica Hybrid (PHEV),,,,,,,,,,,,,,,2017 Chrysler Pacifica Hybrid (PHEV),,,,,,,,,,,,,,,,2017 Chrysler Pacifica Hybrid (PHEV),,,,,,,,,,,,,,,,2017 Chrysler Pacifica Hybrid (PHEV),,,,,,,,,,,,,,,,,2017 Chrysler Pacifica Hybrid (PHEV),,,,,,,,,,,,,,,,,2017 Chrysler Pacifica Hybrid (PHEV),,,,,,,,,,,,,, ,2017 Chrysler Pacifica Hybrid (PHEV),,,,,,,,,,,,,,,2017 Chrysler Pacifica Hybrid (PHEV),,,,,,,,,,,,2017 Chrysler Pacifica Hybrid (PHEV),,,,,,,,,,,,,,,,,,,,,,,,,,,
,2017,FCA US LLC,Chrysler,Pacifica Hybrid,CRX,539,3.6,6,Auto(AV),32,33,32,47.2789,46.8000,47.0622,32.0636,32.6238,32.3133,,NA,Naturally Aspirated,CVT,Continuously Variable,,1,N,N,F,"2-Wheel Drive, Front",10,,533,G,Gasoline (Regular Unleaded Recommended),MPG,miles per gallon,T,Truck,,,,,,,900,900,38,43,40,26.4,29.8,27.959,37.8452,42.7406,40.0481,33,EL,Electricity,KW-HR/100Miles,kilowatt-hour per 100 miles,900,,,,900,PHEV; ,2,2,20,"Special Purpose Vehicle, minivan 2WD",1,Plug-in Hybrid Label,11/28/16,21286,,N,N,,,N,N,,N,,Y,Cam Phaser,N,,Battery(s),,1,Lithium Ion,,360,47.00,95.9,On-Board,,,Electrical Regen Brake,,Front Wheels,N,,,,,2,AC Induction,,65 and 102,,,MFI,Multipoint/sequential fuel injection,N,N,N,5W20,Y,Yes,,CD-2C,Charge Depleting 2-cycle,CS-5C,Charge Sustaining 5-cycle,,,,,,10,10,,HCRXT03.65P0,8,,,,,,,,,,,,,,,2500,,0,0,0,106,2.00,,570,54,49,52,100,114,106,35.51,29.98,33,0.64,0.586,0.617,0,0,0,16.5,,,,,,,,,,,,,,,,,,,,,
,2017,,(Blended PHEV),,,,,,,32,33,32,47.2789,46.8000,47.0622,32.0636,32.6238,32.3133,,NA,Naturally Aspirated,CVT,Continuously Variable,,1,N,N,F,"2-Wheel Drive, Front",10,,533,G,Gasoline (Regular Unleaded Recommended),MPG,miles per gallon,T,Truck,,,,,,,900,900,89,78,84,127.4,112,120.061,89.2017,78.4935,84.0424,33,EL,Electricity,MPG,miles per gallon,900,,,,900,PHEV; ,2,2,20,"Special Purpose Vehicle, minivan 2WD",1,Plug-in Hybrid Label,11/28/16,21286,,N,N,,,N,N,,N,,Y,Cam Phaser,N,,Battery(s),,1,Lithium Ion,,360,47.00,95.9,On-Board,,,Electrical Regen Brake,,Front Wheels,N,,,,,2,AC Induction,,65 and 102,,,MFI,Multipoint/sequential fuel injection,N,N,N,5W20,Y,Yes,,CD-2C,Charge Depleting 2-cycle,CS-5C,Charge Sustaining 5-cycle,,,,,,10,10,10,HCRXT03.65P0,8,,,,,,,,,,,,,,,2500,,276,273,274,106,2.00,,570,54,49,52,100,114,106,All Electric Range = 0-33 miles (combined),,,0.64,0.586,0.617,,,,16.5,,,,,,,,,,,,,,,,,,,,,
,,,,,,,,,,,,,2017 Ford C-Max Energi Plug-in Hybrid FWD,,,,,,,,,,,,,,,,,2017 Ford C-Max Energi Plug-in Hybrid FWD,,,,,,,,,,,,,,,,2017 Ford C-Max Energi Plug-in Hybrid FWD,,,,,,,,,,,,,,,2017 Ford C-Max Energi Plug-in Hybrid FWD,,,,,,,,,,,,,,,,2017 Ford C-Max Energi Plug-in Hybrid FWD,,,,,,,,,,,,,,,,2017 Ford C-Max Energi Plug-in Hybrid FWD,,,,,,,,,,,,,,,,,2017 Ford C-Max Energi Plug-in Hybrid FWD,,,,,,,,,,,,,,,,,2017 Ford C-Max Energi Plug-in Hybrid FWD,,,,,,,,,,,,,, ,2017 Ford C-Max Energi Plug-in Hybrid FWD,,,,,,,,,,,,,,,2017 Ford C-Max Energi Plug-in Hybrid FWD,,,,,,,,,,,,2017 Ford C-Max Energi Plug-in Hybrid FWD,,,,,,,,,,,,,,,,,,,,,,,,,,,
,2017,Ford Motor Company,Ford,C-MAX Energi Plug-In Hybrid FWD,FMX,264,2.0,4,Auto(AV),41,38,39,56.5,56,56.2739,40.6112,38.0126,39.3992,,NA,Naturally Aspirated,CVT,Continuously Variable,,1,N,N,F,"2-Wheel Drive, Front",15,,546,G,Gasoline (Regular Unleaded Recommended),MPG,miles per gallon,N,Not exempt,,,100,19,,,800,800,33,38,35,22.8,26.7,24.548,32.525,38.2613,35.1064,20,EL,Electricity,KW-HR/100Miles,kilowatt-hour per 100 miles,800,,,,,PHEV; ,2,2,5,Midsize Cars,car,Plug-in Hybrid Label,12/2/16,21308,,Y,N,,,N,N,2017MY PHEV Fusion,N,NO,Y,Hydraulic actuated Variable Cam Timing,N,NO,Battery(s),,1,Lithium Ion,,308,24.5,61.5,Both On-Board and Off-Board,,,Electrical Regen Brake,,Front Wheels,N,,,,,1,"DC Permanent Magnet, brushless",,68,,,MFI,,N,Y,N,"0W-20, GF-5",Y,Yes,,CD-2C,Charge Depleting 2-cycle,CS-2C,Charge Sustaining 2-cycle,,,85,,,10,10,,HFMXV02.0VZQ,8,,,,,,,,,,,,,,,3000,,0,0,0,122,2.5,,570,57,50,54,113,134,122,21.84,18.41,20,0.484,0.432,0.461,0,0,0,14.0,,,,,,,,,,,,,,,,,,,,,
,,,,(Blended PHEV),,,,,,41,38,39,56.5,56,56.2739,40.6112,38.0126,39.3992,,NA,Naturally Aspirated,CVT,Continuously Variable,,1,N,N,F,"2-Wheel Drive, Front",15,,546,G,Gasoline (Regular Unleaded Recommended),MPG,miles per gallon,N,Not exempt,,,100,19,,,800,800,104,87,95,148.1,124.2,136.276,103.6744,86.922,95.4005,20,EL,Electricity,MPG,miles per gallon,800,,,,,PHEV; ,2,2,5,Midsize Cars,car,Plug-in Hybrid Label,12/2/16,21308,,Y,N,,,N,N,2017MY PHEV Fusion,N,NO,Y,Hydraulic actuated Variable Cam Timing,N,NO,Battery(s),,1,Lithium Ion,,308,24.5,61.5,Both On-Board and Off-Board,,,Electrical Regen Brake,,Front Wheels,N,,,,,1,"DC Permanent Magnet, brushless",,68,,,MFI,Multipoint/sequential fuel injection,N,Y,N,"0W-20, GF-5",Y,Yes,,CD-2C,Charge Depleting 2-cycle,CS-2C,Charge Sustaining 2-cycle,,,85,,,10,10,,HFMXV02.0VZQ,8,,,,,,,,,,,,,,,3000,,217,233,224,122,2.5,,570,57,50,54,113,134,122,All Electric Range = 0-20 miles (combined),,,0.484,0.432,0.461,,,,14.0,,,,,,,,,,,,,,,,,,,,,
,,,,,,,,,,,,,2017 Ford Fusion Energi Plug-in Hybrid FWD,,,,,,,,,,,,,,,,,2017 Ford Fusion Energi Plug-in Hybrid FWD,,,,,,,,,,,,,,,,2017 Ford Fusion Energi Plug-in Hybrid FWD,,,,,,,,,,,,,,,2017 Ford Fusion Energi Plug-in Hybrid FWD,,,,,,,,,,,,,,,,2017 Ford Fusion Energi Plug-in Hybrid FWD,,,,,,,,,,,,,,,,2017 Ford Fusion Energi Plug-in Hybrid FWD,,,,,,,,,,,,,,,,,2017 Ford Fusion Energi Plug-in Hybrid FWD,,,,,,,,,,,,,,,,,2017 Ford Fusion Energi Plug-in Hybrid FWD,,,,,,,,,,,,,, ,2017 Ford Fusion Energi Plug-in Hybrid FWD,,,,,,,,,,,,,,,2017 Ford Fusion Energi Plug-in Hybrid FWD,,,,,,,,,,,,2017 Ford Fusion Energi Plug-in Hybrid FWD,,,,,,,,,,,,,,,,,,,,,,,,,,,
,2017,Ford Motor Company,Ford,FUSION Energi Plug-in Hybrid FWD,FMX,12,2.0,4,Auto(AV),43,41,42,59.8,61.3,60.4658,42.5701,41.1379,41.9135,,NA,Naturally Aspirated,CVT,Continuously Variable,,1,N,N,F,"2-Wheel Drive, Front",15,,588,G,Gasoline (Regular Unleaded Recommended),MPG,miles per gallon,N,Not exempt,,,103,8,,,800,800,33,37,35,22.8,26,24.24,32.5714,37.1429,34.6286,22,EL,Electricity,KW-HR/100Miles,kilowatt-hour per 100 miles,800,,,,800,PHEV; ,2,2,5,Midsize Cars,car,Plug-in Hybrid Label,4/14/16,19663,,N,N,,,N,N,2017MY PHEV Fusion,N,NO,Y,Hydraulic actuated Variable Cam Timing,N,NO,Battery(s),,1,Lithium Ion,,308,24.5,61.5,Both On-Board and Off-Board,,,Electrical Regen Brake,,Front Wheels,N,,,,,1,"DC Permanent Magnet, brushless",,68,,,MFI,Multipoint/sequential fuel injection,N,Y,N,"0W-20, GF-5",Y,Yes,,CD-2C,Charge Depleting 2-cycle,CS-2C,Charge Sustaining 2-cycle,,,91,,,10,10,,HFMXV02.0VZQ,8,,,,,,,,,,,,,,,3000,,0,0,0,112,2.5,,610,60,54,57,105.3,119.2,112,22.83,19.96,22,0.498,0.456,0.480,0,0,0,14.0,,,,,,,,,,,,,,,,,,,,,
,(Blended PHEV; Voluntarily increased annual fuel cost & charge depleting city/hwy/combined energy consumption),,,,,,,,,43,41,42,59.8,61.3,60.4658,42.5701,41.1379,41.9135,,NA,Naturally Aspirated,CVT,Continuously Variable,,1,N,N,F,"2-Wheel Drive, Front",15,,588,G,Gasoline (Regular Unleaded Recommended),MPG,miles per gallon,N,Not exempt,,,103,8,,,800,800,104,91,97,148,129.7,139.1641,103.6,90.79,97.4149,22,EL,Electricity,MPG,miles per gallon,800,,,,800,PHEV; ,2,2,5,Midsize Cars,car,Plug-in Hybrid Label,4/14/16,19663,,N,N,,,N,N,2017MY PHEV Fusion,N,NO,Y,Hydraulic actuated Variable Cam Timing,N,NO,Battery(s),,1,Lithium Ion,,308,24.5,61.5,Both On-Board and Off-Board,,,Electrical Regen Brake,,Front Wheels,N,,,,,1,"DC Permanent Magnet, brushless",,68,,,MFI,Multipoint/sequential fuel injection,N,Y,N,"0W-20, GF-5",Y,Yes,,CD-2C,Charge Depleting 2-cycle,CS-2C,Charge Sustaining 2-cycle,,,91,,,10,10,,HFMXV02.0VZQ,8,,,,,,,,,,,,,,,3000,,208,216,212,112,2.5,,610,60,54,57,105.3,119.2,112,All Electric Range = 0-21 miles (combined),,,0.498,0.456,0.480,,,,14.0,,,,,,,,,,,,,,,,,,,,,
,,,,,,,,,,,,,2017 Hyundai Sonata Plug-in Hybrid,,,,,,,,,,,,,,,,,2017 Hyundai Sonata Plug-in Hybrid,,,,,,,,,,,,,,,,2017 Hyundai Sonata Plug-in Hybrid,,,,,,,,,,,,,,,2017 Hyundai Sonata Plug-in Hybrid,,,,,,,,,,,,,,,,2017 Hyundai Sonata Plug-in Hybrid,,,,,,,,,,,,,,,,2017 Hyundai Sonata Plug-in Hybrid,,,,,,,,,,,,,,,,,2017 Hyundai Sonata Plug-in Hybrid,,,,,,,,,,,,,,,,,2017 Hyundai Sonata Plug-in Hybrid,,,,,,,,,,,,,, ,2017 Hyundai Sonata Plug-in Hybrid,,,,,,,,,,,,,,,2017 Hyundai Sonata Plug-in Hybrid,,,,,,,,,,,,2017 Hyundai Sonata Plug-in Hybrid,,,,,,,,,,,,,,,,,,,,,,,,,,,
,2017,Hyundai,HYUNDAI MOTOR COMPANY,Sonata plug-in hybrid,HYX,42,2.0,4,Auto(AM6),38,40,39,51.9,58.6,54.7151,37.8163,39.5547,38.5993,,NA,Naturally Aspirated,AM,Automated Manual,,6,N,N,F,"2-Wheel Drive, Front",15,,560,G,Gasoline (Regular Unleaded Recommended),MPG,miles per gallon,N,Not exempt,,,106,10,,,800,800,34,34,34,23.8,24.1,23.953,33.7,34.4,34,27,EL,Electricity,KW-HR/100Miles,kilowatt-hour per 100 miles,800,,,,800,SIDI; PHEV; ,2,2,5,Midsize Cars,car,Plug-in Hybrid Label,7/4/16,20738,,N,N,,,N,N,,N,,Y,APPLY VVT,N,,Battery(s),,1,Lithium Ion,,360,27.2,75,Both On-Board and Off-Board,,,Electrical Regen Brake,,Front Wheels,N,,,,,1,Other,IPMSM,50,,,GDI,Spark Ignition Direct Injection,N,Y,N,SAE 5W-20 GF4,Y,Yes,,CD-2C,Charge Depleting 2-cycle,CS-2C,Charge Sustaining 2-cycle,,,55.2,,,10,10,,HHYXV02.0A2P,8,,,,,,,,,,,,,,,3000,,0,0,0,104,2.7,,590,57,59,58,106,101,104,27.46,27.17,27,0.557,0.554,0.556,0,0,0,14.5,,,,,,,,,,,,,,,,,,,,,
,(Blended PHEV; tested in the Eco (default) mode),,,,,,,,,38,40,39,51.9,58.6,54.7151,37.8163,39.5547,38.5993,,NA,Naturally Aspirated,AM,Automated Manual,,6,N,N,F,"2-Wheel Drive, Front",15,,560,G,Gasoline (Regular Unleaded Recommended),MPG,miles per gallon,N,Not exempt,,,106,10,,,800,800,99,98,99,141.3,140,140.631,99.1,97.9,98.5254,27,EL,Electricity,MPG,miles per gallon,800,,,,800,SIDI; PHEV; ,2,2,5,Midsize Cars,car,Plug-in Hybrid Label,7/4/16,20738,,N,N,,,N,N,,N,,Y,APPLY VVT,N,,Battery(s),,1,Lithium Ion,,360,27.2,75,Both On-Board and Off-Board,,,Electrical Regen Brake,,Front Wheels,N,,,,,1,Other,IPMSM,50,,,GDI,Spark Ignition Direct Injection,N,Y,N,SAE 5W-20 GF4,Y,Yes,,CD-2C,Charge Depleting 2-cycle,CS-2C,Charge Sustaining 2-cycle,,,55.2,,,10,10,10,HHYXV02.0A2P,8,,,,,,,,,,,,,,,3000,,236,225,231,104,2.7,,590,57,59,58,106,101,104,All Electric Range = 0-27 miles (combined),,,0.557,0.554,0.556,,,,14.5,,,,,,,,,,,,,,,,,,,,,
,,,,,,,,,,,,,2017 Kia Optima Plug-in Hybrid,,,,,,,,,,,,,,,,,2017 Kia Optima Plug-in Hybrid,,,,,,,,,,,,,,,,2017 Kia Optima Plug-in Hybrid,,,,,,,,,,,,,,,2017 Kia Optima Plug-in Hybrid,,,,,,,,,,,,,,,,2017 Kia Optima Plug-in Hybrid,,,,,,,,,,,,,,,,2017 Kia Optima Plug-in Hybrid,,,,,,,,,,,,,,,,,2017 Kia Optima Plug-in Hybrid,,,,,,,,,,,,,,,,,2017 Kia Optima Plug-in Hybrid,,,,,,,,,,,,,, ,2017 Kia Optima Plug-in Hybrid,,,,,,,,,,,,,,,2017 Kia Optima Plug-in Hybrid,,,,,,,,,,,,2017 Kia Optima Plug-in Hybrid,,,,,,,,,,,,,,,,,,,,,,,,,,,
,2017,Kia,KIA MOTORS CORPORATION,Optima plug-in hybrid,KMX,25,2.0,4,Auto(AM6),38,43,40,54.2,60.4,56.8249,37.8532,42.8521,39.9504,,NA,Naturally Aspirated,AM,Automated Manual,,6,N,N,F,"2-Wheel Drive, Front",15,,581,G,Gasoline (Regular Unleaded Recommended),MPG,miles per gallon,N,Not exempt,,,105,10,,,750,750,33,32,33,23,22.8,22.907,32.942,32.4472,32.7194,29,EL,Electricity,KW-HR/100Miles,kilowatt-hour per 100 miles,750,,,,750,SIDI; PHEV; ,2,2,5,Midsize Cars,car,Plug-in Hybrid Label,8/15/16,20739,,N,N,,,N,N,,N,,Y,APPLY VVT,N,,Battery(s),,1,Lithium Ion,,360,27.2,75,Both On-Board and Off-Board,,,Electrical Regen Brake,,Front Wheels,N,,,,,1,Other,IPMSM,50,,,GDI,Spark Ignition Direct Injection,N,Y,N,SAE 5W-20 GF4,Y,Yes,,CD-2C,Charge Depleting 2-cycle,CS-5C,Charge Sustaining 5-cycle,,,57.2,,,10,10,,HHYXV02.0A2P,8,,,,,,,,,,,,,,,3250,,0,0,0,97,2.7,,610,58,65,61,103.5,88.3,97,28.41,29.13,29,0.568,0.576,0.572,0,0,0,14.5,,,,,,,,,,,,,,,,,,,,,
,(Blended PHEV; tested in the Eco (default) mode),,,,,,,,,38,43,40,54.2,60.4,56.8249,37.8532,42.8521,39.9504,,NA,Naturally Aspirated,AM,Automated Manual,,6,N,N,F,"2-Wheel Drive, Front",15,,581,G,Gasoline (Regular Unleaded Recommended),MPG,miles per gallon,N,Not exempt,,,105,10,,,750,750,103,104,103,146.4,149,147.545,102.517,104.2785,103.3022,29,EL,Electricity,MPG,miles per gallon,750,,,,750,SIDI; PHEV; ,2,2,5,Midsize Cars,car,Plug-in Hybrid Label,8/15/16,20739,,N,N,,,N,N,,N,,Y,APPLY VVT,N,,Battery(s),,1,Lithium Ion,,360,27.2,75,Both On-Board and Off-Board,,,Electrical Regen Brake,,Front Wheels,N,,,,,1,Other,IPMSM,50,,,GDI,Spark Ignition Direct Injection,N,Y,N,SAE 5W-20 GF4,Y,Yes,,CD-2C,Charge Depleting 2-cycle,CS-5C,Charge Sustaining 5-cycle,,,57.2,,,10,10,,HHYXV02.0A2P,8,,,,,,,,,,,,,,,3250,,235,208,223,97,2.7,,610,58,65,61,103.5,88.3,97,All Electric Range = 0-29 miles (combined),,,0.568,0.576,0.572,,,,14.5,,,,,,,,,,,,,,,,,,,,,
,,,,,,,,,,,,,2017 Mercedes GLE 550e 4MATIC (PHEV),,,,,,,,,,,,,,,,,2017 Mercedes GLE 550e 4MATIC (PHEV),,,,,,,,,,,,,,,,2017 Mercedes GLE 550e 4MATIC (PHEV),,,,,,,,,,,,,,,2017 Mercedes GLE 550e 4MATIC (PHEV),,,,,,,,,,,,,,,,2017 Mercedes GLE 550e 4MATIC (PHEV),,,,,,,,,,,,,,,,2017 Mercedes GLE 550e 4MATIC (PHEV),,,,,,,,,,,,,,,,,2017 Mercedes GLE 550e 4MATIC (PHEV),,,,,,,,,,,,,,,,,2017 Mercedes GLE 550e 4MATIC (PHEV),,,,,,,,,,,,,, ,2017 Mercedes GLE 550e 4MATIC (PHEV),,,,,,,,,,,,,,,2017 Mercedes GLE 550e 4MATIC (PHEV),,,,,,,,,,,,2017 Mercedes GLE 550e 4MATIC (PHEV),,,,,,,,,,,,,,,,,,,,,,,,,,,
,2017,Mercedes-Benz,Mercedes-Benz,GLE 550e 4MATIC,MBX,333,3.0,6,Auto(A7),20,23,21,26.9,32.3,29.0884,19.8643,22.883,21.1179,,TC,Turbocharged,A,Automatic,,7,Y,N,4,4-Wheel Drive,10,,445,GPR,Gasoline (Premium Unleaded Required),MPG,miles per gallon,T,Truck,,,,,,,1850,1850,69,68,69,49.7,50.8,50.175,69.0076,68.2903,68.6848,12,EL,Electricity,KW-HR/100Miles,kilowatt-hour per 100 miles,1850,,,,1850,SIDI; PHEV; ,2,2,33,Standard SUV 4WD,,Plug-in Hybrid Label,11/8/16,21203,,,N,,,N,N,329 hp (combustion only); System power/torque: 436hp / 650Nm,N,,Y,Allows timing of the intake / exhaust valves to be changed while the engine is in operation,N,,Battery(s),,3,Lithium Ion,,396,22,76.3,On-Board,,,Electrical Regen Brake,,Both,N,,,,,1,"DC Permanent Magnet, brushless",,85,,,GDI,Spark Ignition Direct Injection,N,Y,N,5W30 / 225.10,Y,Yes,,CD-2C,Charge Depleting 2-cycle,CS-5C,Charge Sustaining 5-cycle,,,29.3,,,5,7,,HMBXT03.0HY1,6,,,,,,,,,,,,,,,,2250,54,0,29,296,1.9,,460,24,27,25,312.5,274.8,296,11.96,11.38,12,0.313,0.301,0.308,0.6,0,0.3,21.1,,,,,,,,,,,,,,,,,,,,,
,"[Blended PHEV; tested in the Hybrid Comfort (default) mode with regeneration; (not the E-mode, E-Save, Charge, Sport or Slippery modes)]",,,,,,,,,20,23,21,26.9,32.3,29.0884,19.8643,22.883,21.1179,,TC,Turbocharged,A,Automatic,,7,Y,N,4,4-Wheel Drive,10,,445,GPR,Gasoline (Premium Unleaded Required),MPG,miles per gallon,T,Truck,,,,,,,1850,1850,38,50,43,52.1,71,59.372,37.95,50.0324,42.5769,12,EL,Electricity,MPG,miles per gallon,1850,,,,1850,SIDI; PHEV; ,2,2,33,Standard SUV 4WD,,Plug-in Hybrid Label,11/8/16,21203,,,N,,,N,N,329 hp (combustion only); System power/torque: 436hp / 650Nm,N,,Y,Allows timing of the intake / exhaust valves to be changed while the engine is in operation,N,,Battery(s),,3,Lithium Ion,,396,22,76.3,On-Board,,,Electrical Regen Brake,,Both,N,,,,,1,"DC Permanent Magnet, brushless",,85,,,GDI,Spark Ignition Direct Injection,N,Y,N,5W30 / 225.10,Y,Yes,,CD-2C,Charge Depleting 2-cycle,CS-5C,Charge Sustaining 5-cycle,,,29.3,,,5,7,10,HMBXT03.0HY1,6,,,,,,,,,,,,,,,,2250,444,385,417,296,1.9,,460,24,27,25,312.5,274.8,296,All Electric Range = 0-10 miles (combined),,,0.313,0.301,0.308,,,,21.1,,,,,,,,,,,,,,,,,,,,,
,,,,,,,,,,,,,2017 Mercedes S 550 e (PHEV),,,,,,,,,,,,,,,,,2017 Mercedes S 550 e (PHEV),,,,,,,,,,,,,,,,2017 Mercedes S 550 e (PHEV),,,,,,,,,,,,,,,2017 Mercedes S 550 e (PHEV),,,,,,,,,,,,,,,,2017 Mercedes S 550 e (PHEV),,,,,,,,,,,,,,,,2017 Mercedes S 550 e (PHEV),,,,,,,,,,,,,,,,,2017 Mercedes S 550 e (PHEV),,,,,,,,,,,,,,,,,2017 Mercedes S 550 e (PHEV),,,,,,,,,,,,,, ,2017 Mercedes S 550 e (PHEV),,,,,,,,,,,,,,,2017 Mercedes S 550 e (PHEV),,,,,,,,,,,,2017 Mercedes S 550 e (PHEV),,,,,,,,,,,,,,,,,,,,,,,,,,,
,2017,Mercedes-Benz,Mercedes-Benz,S 550e,MBX,201,3.0,6,Auto(A7),24,30,26,30.2,42.3,34.7,23.5,29.6,25.9,,TC,Turbocharged,A,Automatic,,7,Y,N,R,"2-Wheel Drive, Rear",10,,436,GPR,Gasoline (Premium Unleaded Required),MPG,miles per gallon,N,Not exempt,,,112,9,,,1450,1450,63,54,59,44.5,44.8,44.626,63.3548,53.8353,59.0713,14,EL,Electricity,KW-HR/100Miles,kilowatt-hour per 100 miles,1450,,,,,SIDI; PHEV; ,2,2,6,Large Cars,car,Plug-in Hybrid Label,11/8/16,21283,,,N,,,N,N,,N,,Y,Allows timing of the intake / exhaust valves to be changed while the engine is in operation,N,,Battery(s),,3,Lithium Ion,,396,22,76.3,On-Board,,,Electrical Regen Brake,,Rear Wheels,N,,,,,1,"DC Permanent Magnet, brushless",,85,,,GDI,Spark Ignition Direct Injection,N,Y,N,5W30 / 225.10,Y,Yes,,CD-2C,Charge Depleting 2-cycle,CS-2C,Charge Sustaining 2-cycle,,,34.9,,,7,9,,HMBXV03.0HY1,6,,,,,,,,,,,,,,,,250,0,0,0,229,1.9,,450,28,36,31,255.7,196,229,13.08,14.87,14,0.336,0.37,0.352,0,0,0,16.6,,,,,,,,,,,,,,,,,,,,,
, ,,(Blended PHEV; tested in the Hybrid E (Economy) mode),,,,,,,24,30,26,30.2,42.3,34.7,23.5,29.6,25.9,,TC,Turbocharged,A,Automatic,,7,Y,N,R,"2-Wheel Drive, Rear",10,,436,GPR,Gasoline (Premium Unleaded Required),MPG,miles per gallon,N,Not exempt,,,112,9,,,1450,1450,54,63,58,75.8,90,81.451,53.924,62.7941,57.5844,14,EL,Electricity,MPG,miles per gallon,1450,,,,,SIDI; PHEV; ,2,2,6,Large Cars,car,Plug-in Hybrid Label,11/8/16,21283,,,N,,,N,N,,N,,Y,Allows timing of the intake / exhaust valves to be changed while the engine is in operation,N,,Battery(s),,3,Lithium Ion,,396,22,76.3,On-Board,,,Electrical Regen Brake,,Rear Wheels,N,,,,,1,"DC Permanent Magnet, brushless",,85,,,GDI,Spark Ignition Direct Injection,N,Y,N,5W30 / 225.10,Y,Yes,,CD-2C,Charge Depleting 2-cycle,CS-2C,Charge Sustaining 2-cycle,,,34.9,,,7,9,,HMBXV03.0HY1,6,,,,,,,,,,,,,,,,250,379,302,344,229,1.9,,450,28,36,31,255.7,196,229,All Electric Range = 0-12 miles (combined),,,0.336,0.37,0.352,,,,16.6,,,,,,,,,,,,,,,,,,,,,
,,,,,,,,,,,,,2017 Porsche Cayenne S e-Hybrid (PHEV),,,,,,,,,,,,,,,,,2017 Porsche Cayenne S e-Hybrid (PHEV),,,,,,,,,,,,,,,,2017 Porsche Cayenne S e-Hybrid (PHEV),,,,,,,,,,,,,,,2017 Porsche Cayenne S e-Hybrid (PHEV),,,,,,,,,,,,,,,,2017 Porsche Cayenne S e-Hybrid (PHEV),,,,,,,,,,,,,,,,2017 Porsche Cayenne S e-Hybrid (PHEV),,,,,,,,,,,,,,,,,2017 Porsche Cayenne S e-Hybrid (PHEV),,,,,,,,,,,,,,,,,2017 Porsche Cayenne S e-Hybrid (PHEV),,,,,,,,,,,,,, ,2017 Porsche Cayenne S e-Hybrid (PHEV),,,,,,,,,,,,,,,2017 Porsche Cayenne S e-Hybrid (PHEV),,,,,,,,,,,,2017 Porsche Cayenne S e-Hybrid (PHEV),,,,,,,,,,,,,,,,,,,,,,,,,,,
,2017,Porsche,Porsche,Cayenne S e-Hybrid,PRX,441,3.0,6,Auto(AM8),21,24,22,26.3,33.5,29.116,20.8,24.1,22.1658,,SC,Supercharged,AM,Automated Manual,,8,Y,N,A,All Wheel Drive,10,,470,GP,Gasoline (Premium Unleaded Recommended),MPG,miles per gallon,T,Truck,,,,,,,1700,1700,71,71,71,50.8,50.7,50.755,71.1204,71.1342,71.1266,14,EL,Electricity,KW-HR/100Miles,kilowatt-hour per 100 miles,1700,,,,1700,SIDI; PHEV; ,2,2,33,Standard SUV 4WD,,Plug-in Hybrid Label,6/27/16,20410,,Y,N,,,N,N,,N,,Y,Porsche VVT,Y,Porsche VVT,Battery(s),,1,Lithium Ion,,471,75,67.1,Both On-Board and Off-Board,,,Electrical Regen Brake,,Both,N,,,,,1,DC Brushless,,70,,,GDI,Spark Ignition Direct Injection,N,Y,N,0W40,Y,Yes,,CD-2C,Charge Depleting 2-cycle,CS-2C,Charge Sustaining 2-cycle,,,29.7,,,6,8,,HPRXT03.0PHV,6,,,,,,,,,,,,,,,,1500,0,0,0,258,3,,480,25,29,27,277,234,258,14.62,13.92,14,0.371,0.361,0.366,0,0,0,21.1,,,,,,,,,,,,,,,,,,,,,
,(Non-blended PHEV; tested in the (default) E-Power mode---not the E-Charge mode or the Sport modes),,,,,,,,,21,24,22,26.3,33.5,29.116,20.8,24.1,22.1658,,SC,Supercharged,AM,Automated Manual,,8,Y,N,A,All Wheel Drive,10,,470,GP,Gasoline (Premium Unleaded Recommended),MPG,miles per gallon,T,Truck,,,,,,,1700,1700,47,45,46,65.5,66.2,65.815,47.0475,44.9855,46.0967,14,EL,Electricity,MPG,miles per gallon,1700,,,,1700,SIDI; PHEV; ,2,2,33,Standard SUV 4WD,,Plug-in Hybrid Label,6/27/16,20410,,Y,N,,,N,N,,N,,Y,Porsche VVT,Y,Porsche VVT,Battery(s),,1,Lithium Ion,,471,75,67.1,Both On-Board and Off-Board,,,Electrical Regen Brake,,Both,N,,,,,1,DC Brushless,,70,,,GDI,Spark Ignition Direct Injection,N,Y,N,0W40,Y,Yes,,CD-2C,Charge Depleting 2-cycle,CS-2C,Charge Sustaining 2-cycle,,,29.7,,,6,8,10,HPRXT03.0PHV,6,,,,,,,,,,,,,,,,1500,425,367,399,258,3,,490,25,29,27,277,234,258,All Electric Range = 14 miles (combined),,,0.371,0.361,0.366,,,,21.1,,,,,,,,,,,,,,,,,,,,,
,,,,,,,,,,,,,2017 Toyota Prius Prime (PHEV),,,,,,,,,,,,,,,,,2017 Toyota Prius Prime (PHEV),,,,,,,,,,,,,,,,2017 Toyota Prius Prime (PHEV),,,,,,,,,,,,,,,2017 Toyota Prius Prime (PHEV),,,,,,,,,,,,,, ,,2017 Toyota Prius Prime (PHEV),,,,,,,,,,,,,,,,2017 Toyota Prius Prime (PHEV),,,,,,,,,,,,,,,,,2017 Toyota Prius Prime (PHEV),,,,,,,,,,,,,,,,,2017 Toyota Prius Prime (PHEV),,,,,,,,,,,,,, ,2017 Toyota Prius Prime (PHEV),,,,,,,,,,,,,,,2017 Toyota Prius Prime (PHEV),,,,,,,,,,,,2017 Toyota Prius Prime (PHEV),,,,,,,,,,,,,,,,,,,,,,,,,,,
,2017,Toyota,TOYOTA,Prius Prime,TYX,108,1.8,4,Auto(AV),55,53,54,78.8197,73.6525,76.4075,55.2206,53,54.4329,,NA,Naturally Aspirated,CVT,Continuously Variable,,1,N,N,F,"2-Wheel Drive, Front",15,,618,G,Gasoline (Regular Unleaded Recommended),MPG,miles per gallon,N,Not exempt,,,,,91,20,600,600,23,28,25,16.262,19.517,17.7268,23.4954,27.9181,25.4856,25,EL,Electricity,KW-HR/100Miles,kilowatt-hour per 100 miles,600,,,,,PHEV; ,2,2,5,Midsize Cars,car,Plug-in Hybrid Label,12/1/16,21331,,N,N,,,N,N,,N,,Y,Intake,N,,Battery(s),,1,Lithium Ion,,352,25,128.5,On-Board,,,Electrical Regen Brake,,Front Wheels,N,,,,,2,AC Induction,,16 and 37,,,MFI,Multipoint/sequential fuel injection,N,Y,N,0W-20,Y,Yes,PHEV,CD-2C,Charge Depleting 2-cycle,CS-5C,Charge Sustaining 5-cycle,,,77.2,,,10,10,10,HTYXV01.8P35,8,,,,,,,,,,,,,,,4000,,0,0,0,78,2,,640,83,73,78,72.1,85.7,78,27.10,22.82,25,0.553,0.498,0.529,0,0,0,11.4,,,,,,,,,,,,,,,,,,,,,
,"(Blended PHEV; all values are average of Eco, Normal & Power modes; voluntarily lowered charge sustaining hwy mpg & increased charge sustaining hwy CO2)",,,,,,,,,55,53,54,78.8197,73.6525,76.4075,55.2206,53,54.4329,,NA,Naturally Aspirated,CVT,Continuously Variable,,1,N,N,F,"2-Wheel Drive, Front",15,,618,G,Gasoline (Regular Unleaded Recommended),MPG,miles per gallon,N,Not exempt,,,,,91,20,600,600,145,121,133,207.2622,173.1436,190.3803,145.0835,121.2005,133.2662,25,EL,Electricity,MPG,miles per gallon,600,,,,,PHEV; ,2,2,5,Midsize Cars,car,Plug-in Hybrid Label,12/1/16,21331,,N,N,,,N,N,,N,,Y,Intake,N,,Battery(s),,1,Lithium Ion,,352,25,128.5,On-Board,,,Electrical Regen Brake,,Front Wheels,N,,,,,2,AC Induction,,16 and 37,,,MFI,Multipoint/sequential fuel injection,N,Y,N,0W-20,Y,Yes,PHEV,CD-2C,Charge Depleting 2-cycle,CS-5C,Charge Sustaining 5-cycle,,,77.2,,,10,10,,HTYXV01.8P35,8,,,,,,,,,,,,,,,4000,,159,167,78,78,2,,640,83,73,78,72.1,85.7,78,All Electric Range = 0-25 miles (combined),,,0.553,0.498,0.529,,,,11.4,,,,,,,,,,,,,,,,,,,,,
,,,,,,,,,,,,,2017 Volvo XC90 AWD (PHEV),,,,,,,,,,,,,,,,,2017 Volvo XC90 AWD (PHEV),,,,,,,,,,,,,,,,2017 Volvo XC90 AWD (PHEV),,,,,,,,,,,,,,,2017 Volvo XC90 AWD (PHEV),,,,,,,,,,,,,, ,,2017 Volvo XC90 AWD (PHEV),,,,,,,,,,,,,,,,2017 Volvo XC90 AWD (PHEV),,,,,,,,,,,,,,,,,2017 Volvo XC90 AWD (PHEV),,,,,,,,,,,,,,,,,2017 Volvo XC90 AWD (PHEV),,,,,,,,,,,,,, ,2017 Volvo XC90 AWD (PHEV),,,,,,,,,,,,,,,2017 Volvo XC90 AWD (PHEV),,,,,,,,,,,,2017 Volvo XC90 AWD (PHEV),,,,,,,,,,,,,,,,,,,,,,,,,,,
,2017,Volvo,"Volvo Cars of North America, LLC",XC90 AWD,VVX,54,2.0,4,Auto(S8),24,27,25,30.4711,38.1739,33.5142,23.7174,26.953,25.0718,,TS,Turbocharged+Supercharged,SA,Semi-Automatic,,8,Y,N,A,All Wheel Drive,10,,332,GPR,Gasoline (Premium Unleaded Required),MPG,miles per gallon,T,Truck,,,,,,,1500,1500,60,60,60,41,52.6,46.217,57.6748,57.9184,57.7844,14,EL,Electricity,KW-HR/100Miles,kilowatt-hour per 100 miles,1500,,,,1500,SIDI; PHEV; ,2,2,33,Standard SUV 4WD,,Plug-in Hybrid Label,6/16/16,20551,,Y,N,,,N,N,"New gasoline/electric hybrid engine, durability and EDV. All variants/models are AWD.",N,,Y,Timing on both intake and exhaust sides.,N,N/A,Battery(s),,1,Lithium Ion,,360,18,54.9,Both On-Board and Off-Board,,,Electrical Regen Brake,,Rear Wheels,N,,,,,2,"DC Permanent Magnet, brushless",,34 and 65,,,GDI,Spark Ignition Direct Injection,N,Y,N,5W-30/ACEA a5b5,Y,Yes,Blank,CD-2C,Charge Depleting 2-cycle,CS-2C,Charge Sustaining 2-cycle,,,33.5,,,7,8,,HVVXT02.0P3T,8,,,,,,,,,,,,,,,,500,0,0,238,238,3,,350,29,32,30,251,221,238,13.84,13.30,14,0.351,0.340,0.346,0.09802,0.09993,0.09888,13.2,,,,,,,,,,,,,,,,,,,,,
,(Blended PHEV; Decreased CD mpge values by voluntarily adding gasoline consumed during CD operation.) ,,,,,,,,,24,27,25,30.4711,38.1739,33.5142,23.7174,26.953,25.0718,,TS,Turbocharged+Supercharged,SA,Semi-Automatic,,8,Y,N,A,All Wheel Drive,10,,332,GPR,Gasoline (Premium Unleaded Required),MPG,miles per gallon,T,Truck,,,,,,,1500,1500,53,55,54,82.2,82,82.073,58.5962,57.33,58.0196,14,EL,Electricity,MPG,miles per gallon,1500,,,,1500,SIDI; PHEV; ,2,2,33,Standard SUV 4WD,,Plug-in Hybrid Label,6/16/16,20551,,Y,N,,,N,N,"New gasoline/electric hybrid engine, durability and EDV. All variants/models are AWD.",N,,Y,Timing on both intake and exhaust sides.,N,N/A,Battery(s),,1,Lithium Ion,,360,18,54.9,Both On-Board and Off-Board,,,Electrical Regen Brake,,Rear Wheels,N,,,,,2,"DC Permanent Magnet, brushless",,34 and 65,,,GDI,Spark Ignition Direct Injection,N,Y,N,5W-30/ACEA a5b5,Y,Yes,Blank,CD-2C,Charge Depleting 2-cycle,CS-2C,Charge Sustaining 2-cycle,,,33.5,,,7,8,,HVVXT02.0P3T,8,,,,,,,,,,,,,,,,500,375,330,238,238,3,,350,29,32,30,251,221,238,All Electric Range = 0-14 miles (combined),,,0.351,0.340,0.346,(Voluntarily added CD fuel consumption),,,13.2,,,,,,,,,,,,,,,,,,,,,
,,,,,,,,,,,,,,,,,,,,,,,,,,,,,,,,,,,,,,,,,,,,,,,,,,,,,,,,,,,,,,,,,,,,,,,,,,,,,,,,,,,,,,,,,,,,,,,,,,,,,,,,,,,,,,,,,,,,,,,,,,,,,,,,,,,,,,,,,,,,,,,,,,,,,,,,,,,,,,,,,,,,,,,,,,,,,,,,,,,,,,,,,,,,,,,,,,,,
,,,,,,,,,,,,,,,,,,,,,,,,,,,,,,,,,,,,,,,,,,,,,,,,,,,,,,,,,,,,,,,,,,,,,,,,,,,,,,,,,,,,,,,,,,,,,,,,,,,,,,,,,,,,,,,,,,,,,,,,,,,,,,,,,,,,,,,,,,,,,,,,,,,,,,,,,,,,,,,,,,,,,,,,,,,,,,,,,,,,,,,,,,,,,,,,,,,,
,,,,,,,,,,,,,,,,,,,,,,,,,,,,,,,,,,,,,,,,,,,,,,,,,,,,,,,,,,,,,,,,,,,,,,,,,,,,,,,,,,,,,,,,,,,,,,,,,,,,,,,,,,,,,,,,,,,,,,,,,,,,,,,,,,,,,,,,,,,,,,,,,,,,,,,,,,,,,,,,,,,,,,,,,,,,,,,,,,,,,,,,,,,,,,,,,,,,
,,,,,,,,,,,,,,,,,,,,,,,,,,,,,,,,,,,,,,,,,,,,,,,,,,,,,,,,,,,,,,,,,,,,,,,,,,,,,,,,,,,,,,,,,,,,,,,,,,,,,,,,,,,,,,,,,,,,,,,,,,,,,,,,,,,,,,,,,,,,,,,,,,,,,,,,,,,,,,,,,,,,,,,,,,,,,,,,,,,,,,,,,,,,,,,,,,,,
,,,,,,,,,,,,,,,,,,,,,,,,,,,,,,,,,,,,,,,,,,,,,,,,,,,,,,,,,,,,,,,,,,,,,,,,,,,,,,,,,,,,,,,,,,,,,,,,,,,,,,,,,,,,,,,,,,,,,,,,,,,,,,,,,,,,,,,,,,,,,,,,,,,,,,,,,,,,,,,,,,,,,,,,,,,,,,,,,,,,,,,,,,,,,,,,,,,,
,,,,(Sorted by Division Name),,,,,,,,,,,,,,,,,,,,,,,,,,,,,,,,,,,,,,,,,,,,,,,,,,,,,,,,,,,,,,,,,,,,,,,,,,,,,,,,,,,,,,,,,,,,,,,,,,,,,,,,,,,,,,,,,,,,,,,,,,,,,,,,,,,,,,,,,,,,,,,,,,,,,,,,,,,,,,,,,,,,,,,,,,,,,,,,,,,,,,,,,,,,,,,,